year,province,subject_type,score,same_score_count,cumulative_count,same_score_count_specialist,cumulative_count_specialist,source_name,source_url,source_updated_at,status,review_notes
2026,广东,历史,669,16,16,16,16,广东省教育考试院,https://eea.gd.gov.cn/ptgk/content/post_4916165.html,2026-06-25,pending_review,官方 PDF 可抽取文字但含水印，需人工核验后才能进入 score_segments。
2026,广东,历史,668,0,16,0,16,广东省教育考试院,https://eea.gd.gov.cn/ptgk/content/post_4916165.html,2026-06-25,pending_review,官方 PDF 可抽取文字但含水印，需人工核验后才能进入 score_segments。
2026,广东,历史,667,1,17,1,17,广东省教育考试院,https://eea.gd.gov.cn/ptgk/content/post_4916165.html,2026-06-25,pending_review,官方 PDF 可抽取文字但含水印，需人工核验后才能进入 score_segments。
2026,广东,历史,666,1,18,1,18,广东省教育考试院,https://eea.gd.gov.cn/ptgk/content/post_4916165.html,2026-06-25,pending_review,官方 PDF 可抽取文字但含水印，需人工核验后才能进入 score_segments。
2026,广东,历史,665,2,20,2,20,广东省教育考试院,https://eea.gd.gov.cn/ptgk/content/post_4916165.html,2026-06-25,pending_review,官方 PDF 可抽取文字但含水印，需人工核验后才能进入 score_segments。
2026,广东,历史,664,0,20,0,20,广东省教育考试院,https://eea.gd.gov.cn/ptgk/content/post_4916165.html,2026-06-25,pending_review,官方 PDF 可抽取文字但含水印，需人工核验后才能进入 score_segments。
2026,广东,历史,663,3,23,3,23,广东省教育考试院,https://eea.gd.gov.cn/ptgk/content/post_4916165.html,2026-06-25,pending_review,官方 PDF 可抽取文字但含水印，需人工核验后才能进入 score_segments。
2026,广东,历史,662,0,23,0,23,广东省教育考试院,https://eea.gd.gov.cn/ptgk/content/post_4916165.html,2026-06-25,pending_review,官方 PDF 可抽取文字但含水印，需人工核验后才能进入 score_segments。
2026,广东,历史,661,2,25,2,25,广东省教育考试院,https://eea.gd.gov.cn/ptgk/content/post_4916165.html,2026-06-25,pending_review,官方 PDF 可抽取文字但含水印，需人工核验后才能进入 score_segments。
2026,广东,历史,660,7,32,7,32,广东省教育考试院,https://eea.gd.gov.cn/ptgk/content/post_4916165.html,2026-06-25,pending_review,官方 PDF 可抽取文字但含水印，需人工核验后才能进入 score_segments。
2026,广东,历史,659,4,36,4,36,广东省教育考试院,https://eea.gd.gov.cn/ptgk/content/post_4916165.html,2026-06-25,pending_review,官方 PDF 可抽取文字但含水印，需人工核验后才能进入 score_segments。
2026,广东,历史,658,1,37,1,37,广东省教育考试院,https://eea.gd.gov.cn/ptgk/content/post_4916165.html,2026-06-25,pending_review,官方 PDF 可抽取文字但含水印，需人工核验后才能进入 score_segments。
2026,广东,历史,657,7,44,7,44,广东省教育考试院,https://eea.gd.gov.cn/ptgk/content/post_4916165.html,2026-06-25,pending_review,官方 PDF 可抽取文字但含水印，需人工核验后才能进入 score_segments。
2026,广东,历史,656,5,49,5,49,广东省教育考试院,https://eea.gd.gov.cn/ptgk/content/post_4916165.html,2026-06-25,pending_review,官方 PDF 可抽取文字但含水印，需人工核验后才能进入 score_segments。
2026,广东,历史,655,11,60,11,60,广东省教育考试院,https://eea.gd.gov.cn/ptgk/content/post_4916165.html,2026-06-25,pending_review,官方 PDF 可抽取文字但含水印，需人工核验后才能进入 score_segments。
2026,广东,历史,654,7,67,7,67,广东省教育考试院,https://eea.gd.gov.cn/ptgk/content/post_4916165.html,2026-06-25,pending_review,官方 PDF 可抽取文字但含水印，需人工核验后才能进入 score_segments。
2026,广东,历史,653,10,77,10,77,广东省教育考试院,https://eea.gd.gov.cn/ptgk/content/post_4916165.html,2026-06-25,pending_review,官方 PDF 可抽取文字但含水印，需人工核验后才能进入 score_segments。
2026,广东,历史,652,5,82,5,82,广东省教育考试院,https://eea.gd.gov.cn/ptgk/content/post_4916165.html,2026-06-25,pending_review,官方 PDF 可抽取文字但含水印，需人工核验后才能进入 score_segments。
2026,广东,历史,651,6,88,6,88,广东省教育考试院,https://eea.gd.gov.cn/ptgk/content/post_4916165.html,2026-06-25,pending_review,官方 PDF 可抽取文字但含水印，需人工核验后才能进入 score_segments。
2026,广东,历史,650,13,101,13,101,广东省教育考试院,https://eea.gd.gov.cn/ptgk/content/post_4916165.html,2026-06-25,pending_review,官方 PDF 可抽取文字但含水印，需人工核验后才能进入 score_segments。
2026,广东,历史,649,11,112,11,112,广东省教育考试院,https://eea.gd.gov.cn/ptgk/content/post_4916165.html,2026-06-25,pending_review,官方 PDF 可抽取文字但含水印，需人工核验后才能进入 score_segments。
2026,广东,历史,648,16,128,16,128,广东省教育考试院,https://eea.gd.gov.cn/ptgk/content/post_4916165.html,2026-06-25,pending_review,官方 PDF 可抽取文字但含水印，需人工核验后才能进入 score_segments。
2026,广东,历史,647,20,148,20,148,广东省教育考试院,https://eea.gd.gov.cn/ptgk/content/post_4916165.html,2026-06-25,pending_review,官方 PDF 可抽取文字但含水印，需人工核验后才能进入 score_segments。
2026,广东,历史,646,15,163,15,163,广东省教育考试院,https://eea.gd.gov.cn/ptgk/content/post_4916165.html,2026-06-25,pending_review,官方 PDF 可抽取文字但含水印，需人工核验后才能进入 score_segments。
2026,广东,历史,645,11,174,11,174,广东省教育考试院,https://eea.gd.gov.cn/ptgk/content/post_4916165.html,2026-06-25,pending_review,官方 PDF 可抽取文字但含水印，需人工核验后才能进入 score_segments。
2026,广东,历史,644,9,183,9,183,广东省教育考试院,https://eea.gd.gov.cn/ptgk/content/post_4916165.html,2026-06-25,pending_review,官方 PDF 可抽取文字但含水印，需人工核验后才能进入 score_segments。
2026,广东,历史,643,13,196,13,196,广东省教育考试院,https://eea.gd.gov.cn/ptgk/content/post_4916165.html,2026-06-25,pending_review,官方 PDF 可抽取文字但含水印，需人工核验后才能进入 score_segments。
2026,广东,历史,642,24,220,24,220,广东省教育考试院,https://eea.gd.gov.cn/ptgk/content/post_4916165.html,2026-06-25,pending_review,官方 PDF 可抽取文字但含水印，需人工核验后才能进入 score_segments。
2026,广东,历史,641,20,240,20,240,广东省教育考试院,https://eea.gd.gov.cn/ptgk/content/post_4916165.html,2026-06-25,pending_review,官方 PDF 可抽取文字但含水印，需人工核验后才能进入 score_segments。
2026,广东,历史,640,13,253,13,253,广东省教育考试院,https://eea.gd.gov.cn/ptgk/content/post_4916165.html,2026-06-25,pending_review,官方 PDF 可抽取文字但含水印，需人工核验后才能进入 score_segments。
2026,广东,历史,639,20,273,20,273,广东省教育考试院,https://eea.gd.gov.cn/ptgk/content/post_4916165.html,2026-06-25,pending_review,官方 PDF 可抽取文字但含水印，需人工核验后才能进入 score_segments。
2026,广东,历史,638,22,295,22,295,广东省教育考试院,https://eea.gd.gov.cn/ptgk/content/post_4916165.html,2026-06-25,pending_review,官方 PDF 可抽取文字但含水印，需人工核验后才能进入 score_segments。
2026,广东,历史,637,29,324,29,324,广东省教育考试院,https://eea.gd.gov.cn/ptgk/content/post_4916165.html,2026-06-25,pending_review,官方 PDF 可抽取文字但含水印，需人工核验后才能进入 score_segments。
2026,广东,历史,636,23,347,23,347,广东省教育考试院,https://eea.gd.gov.cn/ptgk/content/post_4916165.html,2026-06-25,pending_review,官方 PDF 可抽取文字但含水印，需人工核验后才能进入 score_segments。
2026,广东,历史,635,30,377,30,377,广东省教育考试院,https://eea.gd.gov.cn/ptgk/content/post_4916165.html,2026-06-25,pending_review,官方 PDF 可抽取文字但含水印，需人工核验后才能进入 score_segments。
2026,广东,历史,634,19,396,19,396,广东省教育考试院,https://eea.gd.gov.cn/ptgk/content/post_4916165.html,2026-06-25,pending_review,官方 PDF 可抽取文字但含水印，需人工核验后才能进入 score_segments。
2026,广东,历史,633,32,428,32,428,广东省教育考试院,https://eea.gd.gov.cn/ptgk/content/post_4916165.html,2026-06-25,pending_review,官方 PDF 可抽取文字但含水印，需人工核验后才能进入 score_segments。
2026,广东,历史,632,31,459,31,459,广东省教育考试院,https://eea.gd.gov.cn/ptgk/content/post_4916165.html,2026-06-25,pending_review,官方 PDF 可抽取文字但含水印，需人工核验后才能进入 score_segments。
2026,广东,历史,631,42,501,43,502,广东省教育考试院,https://eea.gd.gov.cn/ptgk/content/post_4916165.html,2026-06-25,pending_review,官方 PDF 可抽取文字但含水印，需人工核验后才能进入 score_segments。
2026,广东,历史,630,37,538,37,539,广东省教育考试院,https://eea.gd.gov.cn/ptgk/content/post_4916165.html,2026-06-25,pending_review,官方 PDF 可抽取文字但含水印，需人工核验后才能进入 score_segments。
2026,广东,历史,629,39,577,39,578,广东省教育考试院,https://eea.gd.gov.cn/ptgk/content/post_4916165.html,2026-06-25,pending_review,官方 PDF 可抽取文字但含水印，需人工核验后才能进入 score_segments。
2026,广东,历史,628,31,608,31,609,广东省教育考试院,https://eea.gd.gov.cn/ptgk/content/post_4916165.html,2026-06-25,pending_review,官方 PDF 可抽取文字但含水印，需人工核验后才能进入 score_segments。
2026,广东,历史,627,52,660,52,661,广东省教育考试院,https://eea.gd.gov.cn/ptgk/content/post_4916165.html,2026-06-25,pending_review,官方 PDF 可抽取文字但含水印，需人工核验后才能进入 score_segments。
2026,广东,历史,626,37,697,36,697,广东省教育考试院,https://eea.gd.gov.cn/ptgk/content/post_4916165.html,2026-06-25,pending_review,官方 PDF 可抽取文字但含水印，需人工核验后才能进入 score_segments。
2026,广东,历史,625,55,752,55,752,广东省教育考试院,https://eea.gd.gov.cn/ptgk/content/post_4916165.html,2026-06-25,pending_review,官方 PDF 可抽取文字但含水印，需人工核验后才能进入 score_segments。
2026,广东,历史,624,51,803,51,803,广东省教育考试院,https://eea.gd.gov.cn/ptgk/content/post_4916165.html,2026-06-25,pending_review,官方 PDF 可抽取文字但含水印，需人工核验后才能进入 score_segments。
2026,广东,历史,623,61,864,61,864,广东省教育考试院,https://eea.gd.gov.cn/ptgk/content/post_4916165.html,2026-06-25,pending_review,官方 PDF 可抽取文字但含水印，需人工核验后才能进入 score_segments。
2026,广东,历史,622,58,922,58,922,广东省教育考试院,https://eea.gd.gov.cn/ptgk/content/post_4916165.html,2026-06-25,pending_review,官方 PDF 可抽取文字但含水印，需人工核验后才能进入 score_segments。
2026,广东,历史,621,73,995,73,995,广东省教育考试院,https://eea.gd.gov.cn/ptgk/content/post_4916165.html,2026-06-25,pending_review,官方 PDF 可抽取文字但含水印，需人工核验后才能进入 score_segments。
2026,广东,历史,620,70,1065,70,1065,广东省教育考试院,https://eea.gd.gov.cn/ptgk/content/post_4916165.html,2026-06-25,pending_review,官方 PDF 可抽取文字但含水印，需人工核验后才能进入 score_segments。
2026,广东,历史,619,85,1150,85,1150,广东省教育考试院,https://eea.gd.gov.cn/ptgk/content/post_4916165.html,2026-06-25,pending_review,官方 PDF 可抽取文字但含水印，需人工核验后才能进入 score_segments。
2026,广东,历史,618,77,1227,77,1227,广东省教育考试院,https://eea.gd.gov.cn/ptgk/content/post_4916165.html,2026-06-25,pending_review,官方 PDF 可抽取文字但含水印，需人工核验后才能进入 score_segments。
2026,广东,历史,617,82,1309,82,1309,广东省教育考试院,https://eea.gd.gov.cn/ptgk/content/post_4916165.html,2026-06-25,pending_review,官方 PDF 可抽取文字但含水印，需人工核验后才能进入 score_segments。
2026,广东,历史,616,87,1396,87,1396,广东省教育考试院,https://eea.gd.gov.cn/ptgk/content/post_4916165.html,2026-06-25,pending_review,官方 PDF 可抽取文字但含水印，需人工核验后才能进入 score_segments。
2026,广东,历史,615,101,1497,101,1497,广东省教育考试院,https://eea.gd.gov.cn/ptgk/content/post_4916165.html,2026-06-25,pending_review,官方 PDF 可抽取文字但含水印，需人工核验后才能进入 score_segments。
2026,广东,历史,614,93,1590,93,1590,广东省教育考试院,https://eea.gd.gov.cn/ptgk/content/post_4916165.html,2026-06-25,pending_review,官方 PDF 可抽取文字但含水印，需人工核验后才能进入 score_segments。
2026,广东,历史,613,93,1683,93,1683,广东省教育考试院,https://eea.gd.gov.cn/ptgk/content/post_4916165.html,2026-06-25,pending_review,官方 PDF 可抽取文字但含水印，需人工核验后才能进入 score_segments。
2026,广东,历史,612,116,1799,116,1799,广东省教育考试院,https://eea.gd.gov.cn/ptgk/content/post_4916165.html,2026-06-25,pending_review,官方 PDF 可抽取文字但含水印，需人工核验后才能进入 score_segments。
2026,广东,历史,611,107,1906,108,1907,广东省教育考试院,https://eea.gd.gov.cn/ptgk/content/post_4916165.html,2026-06-25,pending_review,官方 PDF 可抽取文字但含水印，需人工核验后才能进入 score_segments。
2026,广东,历史,610,115,2021,115,2022,广东省教育考试院,https://eea.gd.gov.cn/ptgk/content/post_4916165.html,2026-06-25,pending_review,官方 PDF 可抽取文字但含水印，需人工核验后才能进入 score_segments。
2026,广东,历史,609,120,2141,120,2142,广东省教育考试院,https://eea.gd.gov.cn/ptgk/content/post_4916165.html,2026-06-25,pending_review,官方 PDF 可抽取文字但含水印，需人工核验后才能进入 score_segments。
2026,广东,历史,608,110,2251,110,2252,广东省教育考试院,https://eea.gd.gov.cn/ptgk/content/post_4916165.html,2026-06-25,pending_review,官方 PDF 可抽取文字但含水印，需人工核验后才能进入 score_segments。
2026,广东,历史,607,122,2373,122,2374,广东省教育考试院,https://eea.gd.gov.cn/ptgk/content/post_4916165.html,2026-06-25,pending_review,官方 PDF 可抽取文字但含水印，需人工核验后才能进入 score_segments。
2026,广东,历史,606,135,2508,134,2508,广东省教育考试院,https://eea.gd.gov.cn/ptgk/content/post_4916165.html,2026-06-25,pending_review,官方 PDF 可抽取文字但含水印，需人工核验后才能进入 score_segments。
2026,广东,历史,605,119,2627,119,2627,广东省教育考试院,https://eea.gd.gov.cn/ptgk/content/post_4916165.html,2026-06-25,pending_review,官方 PDF 可抽取文字但含水印，需人工核验后才能进入 score_segments。
2026,广东,历史,604,142,2769,142,2769,广东省教育考试院,https://eea.gd.gov.cn/ptgk/content/post_4916165.html,2026-06-25,pending_review,官方 PDF 可抽取文字但含水印，需人工核验后才能进入 score_segments。
2026,广东,历史,603,143,2912,143,2912,广东省教育考试院,https://eea.gd.gov.cn/ptgk/content/post_4916165.html,2026-06-25,pending_review,官方 PDF 可抽取文字但含水印，需人工核验后才能进入 score_segments。
2026,广东,历史,602,133,3045,133,3045,广东省教育考试院,https://eea.gd.gov.cn/ptgk/content/post_4916165.html,2026-06-25,pending_review,官方 PDF 可抽取文字但含水印，需人工核验后才能进入 score_segments。
2026,广东,历史,601,152,3197,152,3197,广东省教育考试院,https://eea.gd.gov.cn/ptgk/content/post_4916165.html,2026-06-25,pending_review,官方 PDF 可抽取文字但含水印，需人工核验后才能进入 score_segments。
2026,广东,历史,600,170,3367,170,3367,广东省教育考试院,https://eea.gd.gov.cn/ptgk/content/post_4916165.html,2026-06-25,pending_review,官方 PDF 可抽取文字但含水印，需人工核验后才能进入 score_segments。
2026,广东,历史,599,163,3530,163,3530,广东省教育考试院,https://eea.gd.gov.cn/ptgk/content/post_4916165.html,2026-06-25,pending_review,官方 PDF 可抽取文字但含水印，需人工核验后才能进入 score_segments。
2026,广东,历史,598,167,3697,167,3697,广东省教育考试院,https://eea.gd.gov.cn/ptgk/content/post_4916165.html,2026-06-25,pending_review,官方 PDF 可抽取文字但含水印，需人工核验后才能进入 score_segments。
2026,广东,历史,597,207,3904,207,3904,广东省教育考试院,https://eea.gd.gov.cn/ptgk/content/post_4916165.html,2026-06-25,pending_review,官方 PDF 可抽取文字但含水印，需人工核验后才能进入 score_segments。
2026,广东,历史,596,171,4075,171,4075,广东省教育考试院,https://eea.gd.gov.cn/ptgk/content/post_4916165.html,2026-06-25,pending_review,官方 PDF 可抽取文字但含水印，需人工核验后才能进入 score_segments。
2026,广东,历史,595,155,4230,155,4230,广东省教育考试院,https://eea.gd.gov.cn/ptgk/content/post_4916165.html,2026-06-25,pending_review,官方 PDF 可抽取文字但含水印，需人工核验后才能进入 score_segments。
2026,广东,历史,594,214,4444,214,4444,广东省教育考试院,https://eea.gd.gov.cn/ptgk/content/post_4916165.html,2026-06-25,pending_review,官方 PDF 可抽取文字但含水印，需人工核验后才能进入 score_segments。
2026,广东,历史,593,202,4646,202,4646,广东省教育考试院,https://eea.gd.gov.cn/ptgk/content/post_4916165.html,2026-06-25,pending_review,官方 PDF 可抽取文字但含水印，需人工核验后才能进入 score_segments。
2026,广东,历史,592,220,4866,220,4866,广东省教育考试院,https://eea.gd.gov.cn/ptgk/content/post_4916165.html,2026-06-25,pending_review,官方 PDF 可抽取文字但含水印，需人工核验后才能进入 score_segments。
2026,广东,历史,591,226,5092,226,5092,广东省教育考试院,https://eea.gd.gov.cn/ptgk/content/post_4916165.html,2026-06-25,pending_review,官方 PDF 可抽取文字但含水印，需人工核验后才能进入 score_segments。
2026,广东,历史,590,202,5294,202,5294,广东省教育考试院,https://eea.gd.gov.cn/ptgk/content/post_4916165.html,2026-06-25,pending_review,官方 PDF 可抽取文字但含水印，需人工核验后才能进入 score_segments。
2026,广东,历史,589,233,5527,233,5527,广东省教育考试院,https://eea.gd.gov.cn/ptgk/content/post_4916165.html,2026-06-25,pending_review,官方 PDF 可抽取文字但含水印，需人工核验后才能进入 score_segments。
2026,广东,历史,588,242,5769,242,5769,广东省教育考试院,https://eea.gd.gov.cn/ptgk/content/post_4916165.html,2026-06-25,pending_review,官方 PDF 可抽取文字但含水印，需人工核验后才能进入 score_segments。
2026,广东,历史,587,238,6007,238,6007,广东省教育考试院,https://eea.gd.gov.cn/ptgk/content/post_4916165.html,2026-06-25,pending_review,官方 PDF 可抽取文字但含水印，需人工核验后才能进入 score_segments。
2026,广东,历史,586,246,6253,246,6253,广东省教育考试院,https://eea.gd.gov.cn/ptgk/content/post_4916165.html,2026-06-25,pending_review,官方 PDF 可抽取文字但含水印，需人工核验后才能进入 score_segments。
2026,广东,历史,585,275,6528,276,6529,广东省教育考试院,https://eea.gd.gov.cn/ptgk/content/post_4916165.html,2026-06-25,pending_review,官方 PDF 可抽取文字但含水印，需人工核验后才能进入 score_segments。
2026,广东,历史,584,241,6769,242,6771,广东省教育考试院,https://eea.gd.gov.cn/ptgk/content/post_4916165.html,2026-06-25,pending_review,官方 PDF 可抽取文字但含水印，需人工核验后才能进入 score_segments。
2026,广东,历史,583,278,7047,278,7049,广东省教育考试院,https://eea.gd.gov.cn/ptgk/content/post_4916165.html,2026-06-25,pending_review,官方 PDF 可抽取文字但含水印，需人工核验后才能进入 score_segments。
2026,广东,历史,582,286,7333,286,7335,广东省教育考试院,https://eea.gd.gov.cn/ptgk/content/post_4916165.html,2026-06-25,pending_review,官方 PDF 可抽取文字但含水印，需人工核验后才能进入 score_segments。
2026,广东,历史,581,309,7642,309,7644,广东省教育考试院,https://eea.gd.gov.cn/ptgk/content/post_4916165.html,2026-06-25,pending_review,官方 PDF 可抽取文字但含水印，需人工核验后才能进入 score_segments。
2026,广东,历史,580,245,7887,245,7889,广东省教育考试院,https://eea.gd.gov.cn/ptgk/content/post_4916165.html,2026-06-25,pending_review,官方 PDF 可抽取文字但含水印，需人工核验后才能进入 score_segments。
2026,广东,历史,579,319,8206,318,8207,广东省教育考试院,https://eea.gd.gov.cn/ptgk/content/post_4916165.html,2026-06-25,pending_review,官方 PDF 可抽取文字但含水印，需人工核验后才能进入 score_segments。
2026,广东,历史,578,337,8543,337,8544,广东省教育考试院,https://eea.gd.gov.cn/ptgk/content/post_4916165.html,2026-06-25,pending_review,官方 PDF 可抽取文字但含水印，需人工核验后才能进入 score_segments。
2026,广东,历史,577,289,8832,289,8833,广东省教育考试院,https://eea.gd.gov.cn/ptgk/content/post_4916165.html,2026-06-25,pending_review,官方 PDF 可抽取文字但含水印，需人工核验后才能进入 score_segments。
2026,广东,历史,576,325,9157,325,9158,广东省教育考试院,https://eea.gd.gov.cn/ptgk/content/post_4916165.html,2026-06-25,pending_review,官方 PDF 可抽取文字但含水印，需人工核验后才能进入 score_segments。
2026,广东,历史,575,345,9502,344,9502,广东省教育考试院,https://eea.gd.gov.cn/ptgk/content/post_4916165.html,2026-06-25,pending_review,官方 PDF 可抽取文字但含水印，需人工核验后才能进入 score_segments。
2026,广东,历史,574,307,9809,307,9809,广东省教育考试院,https://eea.gd.gov.cn/ptgk/content/post_4916165.html,2026-06-25,pending_review,官方 PDF 可抽取文字但含水印，需人工核验后才能进入 score_segments。
2026,广东,历史,573,350,10159,350,10159,广东省教育考试院,https://eea.gd.gov.cn/ptgk/content/post_4916165.html,2026-06-25,pending_review,官方 PDF 可抽取文字但含水印，需人工核验后才能进入 score_segments。
2026,广东,历史,572,356,10515,356,10515,广东省教育考试院,https://eea.gd.gov.cn/ptgk/content/post_4916165.html,2026-06-25,pending_review,官方 PDF 可抽取文字但含水印，需人工核验后才能进入 score_segments。
2026,广东,历史,571,371,10886,371,10886,广东省教育考试院,https://eea.gd.gov.cn/ptgk/content/post_4916165.html,2026-06-25,pending_review,官方 PDF 可抽取文字但含水印，需人工核验后才能进入 score_segments。
2026,广东,历史,570,407,11293,407,11293,广东省教育考试院,https://eea.gd.gov.cn/ptgk/content/post_4916165.html,2026-06-25,pending_review,官方 PDF 可抽取文字但含水印，需人工核验后才能进入 score_segments。
2026,广东,历史,569,338,11631,338,11631,广东省教育考试院,https://eea.gd.gov.cn/ptgk/content/post_4916165.html,2026-06-25,pending_review,官方 PDF 可抽取文字但含水印，需人工核验后才能进入 score_segments。
2026,广东,历史,568,354,11985,354,11985,广东省教育考试院,https://eea.gd.gov.cn/ptgk/content/post_4916165.html,2026-06-25,pending_review,官方 PDF 可抽取文字但含水印，需人工核验后才能进入 score_segments。
2026,广东,历史,567,424,12409,424,12409,广东省教育考试院,https://eea.gd.gov.cn/ptgk/content/post_4916165.html,2026-06-25,pending_review,官方 PDF 可抽取文字但含水印，需人工核验后才能进入 score_segments。
2026,广东,历史,566,408,12817,409,12818,广东省教育考试院,https://eea.gd.gov.cn/ptgk/content/post_4916165.html,2026-06-25,pending_review,官方 PDF 可抽取文字但含水印，需人工核验后才能进入 score_segments。
2026,广东,历史,565,373,13190,373,13191,广东省教育考试院,https://eea.gd.gov.cn/ptgk/content/post_4916165.html,2026-06-25,pending_review,官方 PDF 可抽取文字但含水印，需人工核验后才能进入 score_segments。
2026,广东,历史,564,386,13576,387,13578,广东省教育考试院,https://eea.gd.gov.cn/ptgk/content/post_4916165.html,2026-06-25,pending_review,官方 PDF 可抽取文字但含水印，需人工核验后才能进入 score_segments。
2026,广东,历史,563,416,13992,416,13994,广东省教育考试院,https://eea.gd.gov.cn/ptgk/content/post_4916165.html,2026-06-25,pending_review,官方 PDF 可抽取文字但含水印，需人工核验后才能进入 score_segments。
2026,广东,历史,562,445,14437,445,14439,广东省教育考试院,https://eea.gd.gov.cn/ptgk/content/post_4916165.html,2026-06-25,pending_review,官方 PDF 可抽取文字但含水印，需人工核验后才能进入 score_segments。
2026,广东,历史,561,449,14886,450,14889,广东省教育考试院,https://eea.gd.gov.cn/ptgk/content/post_4916165.html,2026-06-25,pending_review,官方 PDF 可抽取文字但含水印，需人工核验后才能进入 score_segments。
2026,广东,历史,560,461,15347,461,15350,广东省教育考试院,https://eea.gd.gov.cn/ptgk/content/post_4916165.html,2026-06-25,pending_review,官方 PDF 可抽取文字但含水印，需人工核验后才能进入 score_segments。
2026,广东,历史,559,489,15836,488,15838,广东省教育考试院,https://eea.gd.gov.cn/ptgk/content/post_4916165.html,2026-06-25,pending_review,官方 PDF 可抽取文字但含水印，需人工核验后才能进入 score_segments。
2026,广东,历史,558,450,16286,451,16289,广东省教育考试院,https://eea.gd.gov.cn/ptgk/content/post_4916165.html,2026-06-25,pending_review,官方 PDF 可抽取文字但含水印，需人工核验后才能进入 score_segments。
2026,广东,历史,557,469,16755,469,16758,广东省教育考试院,https://eea.gd.gov.cn/ptgk/content/post_4916165.html,2026-06-25,pending_review,官方 PDF 可抽取文字但含水印，需人工核验后才能进入 score_segments。
2026,广东,历史,556,524,17279,522,17280,广东省教育考试院,https://eea.gd.gov.cn/ptgk/content/post_4916165.html,2026-06-25,pending_review,官方 PDF 可抽取文字但含水印，需人工核验后才能进入 score_segments。
2026,广东,历史,555,462,17741,462,17742,广东省教育考试院,https://eea.gd.gov.cn/ptgk/content/post_4916165.html,2026-06-25,pending_review,官方 PDF 可抽取文字但含水印，需人工核验后才能进入 score_segments。
2026,广东,历史,554,498,18239,498,18240,广东省教育考试院,https://eea.gd.gov.cn/ptgk/content/post_4916165.html,2026-06-25,pending_review,官方 PDF 可抽取文字但含水印，需人工核验后才能进入 score_segments。
2026,广东,历史,553,469,18708,468,18708,广东省教育考试院,https://eea.gd.gov.cn/ptgk/content/post_4916165.html,2026-06-25,pending_review,官方 PDF 可抽取文字但含水印，需人工核验后才能进入 score_segments。
2026,广东,历史,552,507,19215,507,19215,广东省教育考试院,https://eea.gd.gov.cn/ptgk/content/post_4916165.html,2026-06-25,pending_review,官方 PDF 可抽取文字但含水印，需人工核验后才能进入 score_segments。
2026,广东,历史,551,515,19730,516,19731,广东省教育考试院,https://eea.gd.gov.cn/ptgk/content/post_4916165.html,2026-06-25,pending_review,官方 PDF 可抽取文字但含水印，需人工核验后才能进入 score_segments。
2026,广东,历史,550,497,20227,498,20229,广东省教育考试院,https://eea.gd.gov.cn/ptgk/content/post_4916165.html,2026-06-25,pending_review,官方 PDF 可抽取文字但含水印，需人工核验后才能进入 score_segments。
2026,广东,历史,549,523,20750,523,20752,广东省教育考试院,https://eea.gd.gov.cn/ptgk/content/post_4916165.html,2026-06-25,pending_review,官方 PDF 可抽取文字但含水印，需人工核验后才能进入 score_segments。
2026,广东,历史,548,557,21307,557,21309,广东省教育考试院,https://eea.gd.gov.cn/ptgk/content/post_4916165.html,2026-06-25,pending_review,官方 PDF 可抽取文字但含水印，需人工核验后才能进入 score_segments。
2026,广东,历史,547,546,21853,546,21855,广东省教育考试院,https://eea.gd.gov.cn/ptgk/content/post_4916165.html,2026-06-25,pending_review,官方 PDF 可抽取文字但含水印，需人工核验后才能进入 score_segments。
2026,广东,历史,546,538,22391,537,22392,广东省教育考试院,https://eea.gd.gov.cn/ptgk/content/post_4916165.html,2026-06-25,pending_review,官方 PDF 可抽取文字但含水印，需人工核验后才能进入 score_segments。
2026,广东,历史,545,566,22957,565,22957,广东省教育考试院,https://eea.gd.gov.cn/ptgk/content/post_4916165.html,2026-06-25,pending_review,官方 PDF 可抽取文字但含水印，需人工核验后才能进入 score_segments。
2026,广东,历史,544,583,23540,583,23540,广东省教育考试院,https://eea.gd.gov.cn/ptgk/content/post_4916165.html,2026-06-25,pending_review,官方 PDF 可抽取文字但含水印，需人工核验后才能进入 score_segments。
2026,广东,历史,543,569,24109,570,24110,广东省教育考试院,https://eea.gd.gov.cn/ptgk/content/post_4916165.html,2026-06-25,pending_review,官方 PDF 可抽取文字但含水印，需人工核验后才能进入 score_segments。
2026,广东,历史,542,606,24715,608,24718,广东省教育考试院,https://eea.gd.gov.cn/ptgk/content/post_4916165.html,2026-06-25,pending_review,官方 PDF 可抽取文字但含水印，需人工核验后才能进入 score_segments。
2026,广东,历史,541,610,25325,610,25328,广东省教育考试院,https://eea.gd.gov.cn/ptgk/content/post_4916165.html,2026-06-25,pending_review,官方 PDF 可抽取文字但含水印，需人工核验后才能进入 score_segments。
2026,广东,历史,540,596,25921,596,25924,广东省教育考试院,https://eea.gd.gov.cn/ptgk/content/post_4916165.html,2026-06-25,pending_review,官方 PDF 可抽取文字但含水印，需人工核验后才能进入 score_segments。
2026,广东,历史,539,605,26526,605,26529,广东省教育考试院,https://eea.gd.gov.cn/ptgk/content/post_4916165.html,2026-06-25,pending_review,官方 PDF 可抽取文字但含水印，需人工核验后才能进入 score_segments。
2026,广东,历史,538,570,27096,569,27098,广东省教育考试院,https://eea.gd.gov.cn/ptgk/content/post_4916165.html,2026-06-25,pending_review,官方 PDF 可抽取文字但含水印，需人工核验后才能进入 score_segments。
2026,广东,历史,537,613,27709,611,27709,广东省教育考试院,https://eea.gd.gov.cn/ptgk/content/post_4916165.html,2026-06-25,pending_review,官方 PDF 可抽取文字但含水印，需人工核验后才能进入 score_segments。
2026,广东,历史,536,614,28323,614,28323,广东省教育考试院,https://eea.gd.gov.cn/ptgk/content/post_4916165.html,2026-06-25,pending_review,官方 PDF 可抽取文字但含水印，需人工核验后才能进入 score_segments。
2026,广东,历史,535,661,28984,662,28985,广东省教育考试院,https://eea.gd.gov.cn/ptgk/content/post_4916165.html,2026-06-25,pending_review,官方 PDF 可抽取文字但含水印，需人工核验后才能进入 score_segments。
2026,广东,历史,534,628,29612,628,29613,广东省教育考试院,https://eea.gd.gov.cn/ptgk/content/post_4916165.html,2026-06-25,pending_review,官方 PDF 可抽取文字但含水印，需人工核验后才能进入 score_segments。
2026,广东,历史,533,665,30277,665,30278,广东省教育考试院,https://eea.gd.gov.cn/ptgk/content/post_4916165.html,2026-06-25,pending_review,官方 PDF 可抽取文字但含水印，需人工核验后才能进入 score_segments。
2026,广东,历史,532,624,30901,624,30902,广东省教育考试院,https://eea.gd.gov.cn/ptgk/content/post_4916165.html,2026-06-25,pending_review,官方 PDF 可抽取文字但含水印，需人工核验后才能进入 score_segments。
2026,广东,历史,531,618,31519,618,31520,广东省教育考试院,https://eea.gd.gov.cn/ptgk/content/post_4916165.html,2026-06-25,pending_review,官方 PDF 可抽取文字但含水印，需人工核验后才能进入 score_segments。
2026,广东,历史,530,690,32209,689,32209,广东省教育考试院,https://eea.gd.gov.cn/ptgk/content/post_4916165.html,2026-06-25,pending_review,官方 PDF 可抽取文字但含水印，需人工核验后才能进入 score_segments。
2026,广东,历史,529,677,32886,677,32886,广东省教育考试院,https://eea.gd.gov.cn/ptgk/content/post_4916165.html,2026-06-25,pending_review,官方 PDF 可抽取文字但含水印，需人工核验后才能进入 score_segments。
2026,广东,历史,528,634,33520,635,33521,广东省教育考试院,https://eea.gd.gov.cn/ptgk/content/post_4916165.html,2026-06-25,pending_review,官方 PDF 可抽取文字但含水印，需人工核验后才能进入 score_segments。
2026,广东,历史,527,664,34184,665,34186,广东省教育考试院,https://eea.gd.gov.cn/ptgk/content/post_4916165.html,2026-06-25,pending_review,官方 PDF 可抽取文字但含水印，需人工核验后才能进入 score_segments。
2026,广东,历史,526,679,34863,679,34865,广东省教育考试院,https://eea.gd.gov.cn/ptgk/content/post_4916165.html,2026-06-25,pending_review,官方 PDF 可抽取文字但含水印，需人工核验后才能进入 score_segments。
2026,广东,历史,525,697,35560,698,35563,广东省教育考试院,https://eea.gd.gov.cn/ptgk/content/post_4916165.html,2026-06-25,pending_review,官方 PDF 可抽取文字但含水印，需人工核验后才能进入 score_segments。
2026,广东,历史,524,657,36217,657,36220,广东省教育考试院,https://eea.gd.gov.cn/ptgk/content/post_4916165.html,2026-06-25,pending_review,官方 PDF 可抽取文字但含水印，需人工核验后才能进入 score_segments。
2026,广东,历史,523,716,36933,715,36935,广东省教育考试院,https://eea.gd.gov.cn/ptgk/content/post_4916165.html,2026-06-25,pending_review,官方 PDF 可抽取文字但含水印，需人工核验后才能进入 score_segments。
2026,广东,历史,522,750,37683,750,37685,广东省教育考试院,https://eea.gd.gov.cn/ptgk/content/post_4916165.html,2026-06-25,pending_review,官方 PDF 可抽取文字但含水印，需人工核验后才能进入 score_segments。
2026,广东,历史,521,752,38435,752,38437,广东省教育考试院,https://eea.gd.gov.cn/ptgk/content/post_4916165.html,2026-06-25,pending_review,官方 PDF 可抽取文字但含水印，需人工核验后才能进入 score_segments。
2026,广东,历史,520,753,39188,752,39189,广东省教育考试院,https://eea.gd.gov.cn/ptgk/content/post_4916165.html,2026-06-25,pending_review,官方 PDF 可抽取文字但含水印，需人工核验后才能进入 score_segments。
2026,广东,历史,519,693,39881,694,39883,广东省教育考试院,https://eea.gd.gov.cn/ptgk/content/post_4916165.html,2026-06-25,pending_review,官方 PDF 可抽取文字但含水印，需人工核验后才能进入 score_segments。
2026,广东,历史,518,732,40613,732,40615,广东省教育考试院,https://eea.gd.gov.cn/ptgk/content/post_4916165.html,2026-06-25,pending_review,官方 PDF 可抽取文字但含水印，需人工核验后才能进入 score_segments。
2026,广东,历史,517,738,41351,737,41352,广东省教育考试院,https://eea.gd.gov.cn/ptgk/content/post_4916165.html,2026-06-25,pending_review,官方 PDF 可抽取文字但含水印，需人工核验后才能进入 score_segments。
2026,广东,历史,516,761,42112,761,42113,广东省教育考试院,https://eea.gd.gov.cn/ptgk/content/post_4916165.html,2026-06-25,pending_review,官方 PDF 可抽取文字但含水印，需人工核验后才能进入 score_segments。
2026,广东,历史,515,733,42845,733,42846,广东省教育考试院,https://eea.gd.gov.cn/ptgk/content/post_4916165.html,2026-06-25,pending_review,官方 PDF 可抽取文字但含水印，需人工核验后才能进入 score_segments。
2026,广东,历史,514,784,43629,785,43631,广东省教育考试院,https://eea.gd.gov.cn/ptgk/content/post_4916165.html,2026-06-25,pending_review,官方 PDF 可抽取文字但含水印，需人工核验后才能进入 score_segments。
2026,广东,历史,513,837,44466,838,44469,广东省教育考试院,https://eea.gd.gov.cn/ptgk/content/post_4916165.html,2026-06-25,pending_review,官方 PDF 可抽取文字但含水印，需人工核验后才能进入 score_segments。
2026,广东,历史,512,788,45254,789,45258,广东省教育考试院,https://eea.gd.gov.cn/ptgk/content/post_4916165.html,2026-06-25,pending_review,官方 PDF 可抽取文字但含水印，需人工核验后才能进入 score_segments。
2026,广东,历史,511,783,46037,784,46042,广东省教育考试院,https://eea.gd.gov.cn/ptgk/content/post_4916165.html,2026-06-25,pending_review,官方 PDF 可抽取文字但含水印，需人工核验后才能进入 score_segments。
2026,广东,历史,510,758,46795,760,46802,广东省教育考试院,https://eea.gd.gov.cn/ptgk/content/post_4916165.html,2026-06-25,pending_review,官方 PDF 可抽取文字但含水印，需人工核验后才能进入 score_segments。
2026,广东,历史,509,832,47627,831,47633,广东省教育考试院,https://eea.gd.gov.cn/ptgk/content/post_4916165.html,2026-06-25,pending_review,官方 PDF 可抽取文字但含水印，需人工核验后才能进入 score_segments。
2026,广东,历史,508,827,48454,826,48459,广东省教育考试院,https://eea.gd.gov.cn/ptgk/content/post_4916165.html,2026-06-25,pending_review,官方 PDF 可抽取文字但含水印，需人工核验后才能进入 score_segments。
2026,广东,历史,507,805,49259,805,49264,广东省教育考试院,https://eea.gd.gov.cn/ptgk/content/post_4916165.html,2026-06-25,pending_review,官方 PDF 可抽取文字但含水印，需人工核验后才能进入 score_segments。
2026,广东,历史,506,821,50080,820,50084,广东省教育考试院,https://eea.gd.gov.cn/ptgk/content/post_4916165.html,2026-06-25,pending_review,官方 PDF 可抽取文字但含水印，需人工核验后才能进入 score_segments。
2026,广东,历史,505,849,50929,848,50932,广东省教育考试院,https://eea.gd.gov.cn/ptgk/content/post_4916165.html,2026-06-25,pending_review,官方 PDF 可抽取文字但含水印，需人工核验后才能进入 score_segments。
2026,广东,历史,504,779,51708,780,51712,广东省教育考试院,https://eea.gd.gov.cn/ptgk/content/post_4916165.html,2026-06-25,pending_review,官方 PDF 可抽取文字但含水印，需人工核验后才能进入 score_segments。
2026,广东,历史,503,816,52524,817,52529,广东省教育考试院,https://eea.gd.gov.cn/ptgk/content/post_4916165.html,2026-06-25,pending_review,官方 PDF 可抽取文字但含水印，需人工核验后才能进入 score_segments。
2026,广东,历史,502,812,53336,811,53340,广东省教育考试院,https://eea.gd.gov.cn/ptgk/content/post_4916165.html,2026-06-25,pending_review,官方 PDF 可抽取文字但含水印，需人工核验后才能进入 score_segments。
2026,广东,历史,501,854,54190,857,54197,广东省教育考试院,https://eea.gd.gov.cn/ptgk/content/post_4916165.html,2026-06-25,pending_review,官方 PDF 可抽取文字但含水印，需人工核验后才能进入 score_segments。
2026,广东,历史,500,852,55042,853,55050,广东省教育考试院,https://eea.gd.gov.cn/ptgk/content/post_4916165.html,2026-06-25,pending_review,官方 PDF 可抽取文字但含水印，需人工核验后才能进入 score_segments。
2026,广东,历史,499,905,55947,903,55953,广东省教育考试院,https://eea.gd.gov.cn/ptgk/content/post_4916165.html,2026-06-25,pending_review,官方 PDF 可抽取文字但含水印，需人工核验后才能进入 score_segments。
2026,广东,历史,498,836,56783,839,56792,广东省教育考试院,https://eea.gd.gov.cn/ptgk/content/post_4916165.html,2026-06-25,pending_review,官方 PDF 可抽取文字但含水印，需人工核验后才能进入 score_segments。
2026,广东,历史,497,852,57635,852,57644,广东省教育考试院,https://eea.gd.gov.cn/ptgk/content/post_4916165.html,2026-06-25,pending_review,官方 PDF 可抽取文字但含水印，需人工核验后才能进入 score_segments。
2026,广东,历史,496,900,58535,898,58542,广东省教育考试院,https://eea.gd.gov.cn/ptgk/content/post_4916165.html,2026-06-25,pending_review,官方 PDF 可抽取文字但含水印，需人工核验后才能进入 score_segments。
2026,广东,历史,495,905,59440,904,59446,广东省教育考试院,https://eea.gd.gov.cn/ptgk/content/post_4916165.html,2026-06-25,pending_review,官方 PDF 可抽取文字但含水印，需人工核验后才能进入 score_segments。
2026,广东,历史,494,885,60325,885,60331,广东省教育考试院,https://eea.gd.gov.cn/ptgk/content/post_4916165.html,2026-06-25,pending_review,官方 PDF 可抽取文字但含水印，需人工核验后才能进入 score_segments。
2026,广东,历史,493,886,61211,885,61216,广东省教育考试院,https://eea.gd.gov.cn/ptgk/content/post_4916165.html,2026-06-25,pending_review,官方 PDF 可抽取文字但含水印，需人工核验后才能进入 score_segments。
2026,广东,历史,492,850,62061,851,62067,广东省教育考试院,https://eea.gd.gov.cn/ptgk/content/post_4916165.html,2026-06-25,pending_review,官方 PDF 可抽取文字但含水印，需人工核验后才能进入 score_segments。
2026,广东,历史,491,913,62974,913,62980,广东省教育考试院,https://eea.gd.gov.cn/ptgk/content/post_4916165.html,2026-06-25,pending_review,官方 PDF 可抽取文字但含水印，需人工核验后才能进入 score_segments。
2026,广东,历史,490,912,63886,912,63892,广东省教育考试院,https://eea.gd.gov.cn/ptgk/content/post_4916165.html,2026-06-25,pending_review,官方 PDF 可抽取文字但含水印，需人工核验后才能进入 score_segments。
2026,广东,历史,489,942,64828,942,64834,广东省教育考试院,https://eea.gd.gov.cn/ptgk/content/post_4916165.html,2026-06-25,pending_review,官方 PDF 可抽取文字但含水印，需人工核验后才能进入 score_segments。
2026,广东,历史,488,907,65735,904,65738,广东省教育考试院,https://eea.gd.gov.cn/ptgk/content/post_4916165.html,2026-06-25,pending_review,官方 PDF 可抽取文字但含水印，需人工核验后才能进入 score_segments。
2026,广东,历史,487,930,66665,929,66667,广东省教育考试院,https://eea.gd.gov.cn/ptgk/content/post_4916165.html,2026-06-25,pending_review,官方 PDF 可抽取文字但含水印，需人工核验后才能进入 score_segments。
2026,广东,历史,486,925,67590,926,67593,广东省教育考试院,https://eea.gd.gov.cn/ptgk/content/post_4916165.html,2026-06-25,pending_review,官方 PDF 可抽取文字但含水印，需人工核验后才能进入 score_segments。
2026,广东,历史,485,949,68539,948,68541,广东省教育考试院,https://eea.gd.gov.cn/ptgk/content/post_4916165.html,2026-06-25,pending_review,官方 PDF 可抽取文字但含水印，需人工核验后才能进入 score_segments。
2026,广东,历史,484,895,69434,895,69436,广东省教育考试院,https://eea.gd.gov.cn/ptgk/content/post_4916165.html,2026-06-25,pending_review,官方 PDF 可抽取文字但含水印，需人工核验后才能进入 score_segments。
2026,广东,历史,483,962,70396,966,70402,广东省教育考试院,https://eea.gd.gov.cn/ptgk/content/post_4916165.html,2026-06-25,pending_review,官方 PDF 可抽取文字但含水印，需人工核验后才能进入 score_segments。
2026,广东,历史,482,970,71366,972,71374,广东省教育考试院,https://eea.gd.gov.cn/ptgk/content/post_4916165.html,2026-06-25,pending_review,官方 PDF 可抽取文字但含水印，需人工核验后才能进入 score_segments。
2026,广东,历史,481,963,72329,962,72336,广东省教育考试院,https://eea.gd.gov.cn/ptgk/content/post_4916165.html,2026-06-25,pending_review,官方 PDF 可抽取文字但含水印，需人工核验后才能进入 score_segments。
2026,广东,历史,480,953,73282,953,73289,广东省教育考试院,https://eea.gd.gov.cn/ptgk/content/post_4916165.html,2026-06-25,pending_review,官方 PDF 可抽取文字但含水印，需人工核验后才能进入 score_segments。
2026,广东,历史,479,949,74231,950,74239,广东省教育考试院,https://eea.gd.gov.cn/ptgk/content/post_4916165.html,2026-06-25,pending_review,官方 PDF 可抽取文字但含水印，需人工核验后才能进入 score_segments。
2026,广东,历史,478,930,75161,927,75166,广东省教育考试院,https://eea.gd.gov.cn/ptgk/content/post_4916165.html,2026-06-25,pending_review,官方 PDF 可抽取文字但含水印，需人工核验后才能进入 score_segments。
2026,广东,历史,477,919,76080,918,76084,广东省教育考试院,https://eea.gd.gov.cn/ptgk/content/post_4916165.html,2026-06-25,pending_review,官方 PDF 可抽取文字但含水印，需人工核验后才能进入 score_segments。
2026,广东,历史,476,940,77020,940,77024,广东省教育考试院,https://eea.gd.gov.cn/ptgk/content/post_4916165.html,2026-06-25,pending_review,官方 PDF 可抽取文字但含水印，需人工核验后才能进入 score_segments。
2026,广东,历史,475,970,77990,972,77996,广东省教育考试院,https://eea.gd.gov.cn/ptgk/content/post_4916165.html,2026-06-25,pending_review,官方 PDF 可抽取文字但含水印，需人工核验后才能进入 score_segments。
2026,广东,历史,474,987,78977,988,78984,广东省教育考试院,https://eea.gd.gov.cn/ptgk/content/post_4916165.html,2026-06-25,pending_review,官方 PDF 可抽取文字但含水印，需人工核验后才能进入 score_segments。
2026,广东,历史,473,1004,79981,1005,79989,广东省教育考试院,https://eea.gd.gov.cn/ptgk/content/post_4916165.html,2026-06-25,pending_review,官方 PDF 可抽取文字但含水印，需人工核验后才能进入 score_segments。
2026,广东,历史,472,948,80929,950,80939,广东省教育考试院,https://eea.gd.gov.cn/ptgk/content/post_4916165.html,2026-06-25,pending_review,官方 PDF 可抽取文字但含水印，需人工核验后才能进入 score_segments。
2026,广东,历史,471,985,81914,984,81923,广东省教育考试院,https://eea.gd.gov.cn/ptgk/content/post_4916165.html,2026-06-25,pending_review,官方 PDF 可抽取文字但含水印，需人工核验后才能进入 score_segments。
2026,广东,历史,470,1021,82935,1020,82943,广东省教育考试院,https://eea.gd.gov.cn/ptgk/content/post_4916165.html,2026-06-25,pending_review,官方 PDF 可抽取文字但含水印，需人工核验后才能进入 score_segments。
2026,广东,历史,469,1043,83978,1043,83986,广东省教育考试院,https://eea.gd.gov.cn/ptgk/content/post_4916165.html,2026-06-25,pending_review,官方 PDF 可抽取文字但含水印，需人工核验后才能进入 score_segments。
2026,广东,历史,468,992,84970,992,84978,广东省教育考试院,https://eea.gd.gov.cn/ptgk/content/post_4916165.html,2026-06-25,pending_review,官方 PDF 可抽取文字但含水印，需人工核验后才能进入 score_segments。
2026,广东,历史,467,1095,86065,1095,86073,广东省教育考试院,https://eea.gd.gov.cn/ptgk/content/post_4916165.html,2026-06-25,pending_review,官方 PDF 可抽取文字但含水印，需人工核验后才能进入 score_segments。
2026,广东,历史,466,987,87052,990,87063,广东省教育考试院,https://eea.gd.gov.cn/ptgk/content/post_4916165.html,2026-06-25,pending_review,官方 PDF 可抽取文字但含水印，需人工核验后才能进入 score_segments。
2026,广东,历史,465,1061,88113,1061,88124,广东省教育考试院,https://eea.gd.gov.cn/ptgk/content/post_4916165.html,2026-06-25,pending_review,官方 PDF 可抽取文字但含水印，需人工核验后才能进入 score_segments。
2026,广东,历史,464,1006,89119,1005,89129,广东省教育考试院,https://eea.gd.gov.cn/ptgk/content/post_4916165.html,2026-06-25,pending_review,官方 PDF 可抽取文字但含水印，需人工核验后才能进入 score_segments。
2026,广东,历史,463,1033,90152,1032,90161,广东省教育考试院,https://eea.gd.gov.cn/ptgk/content/post_4916165.html,2026-06-25,pending_review,官方 PDF 可抽取文字但含水印，需人工核验后才能进入 score_segments。
2026,广东,历史,462,1061,91213,1059,91220,广东省教育考试院,https://eea.gd.gov.cn/ptgk/content/post_4916165.html,2026-06-25,pending_review,官方 PDF 可抽取文字但含水印，需人工核验后才能进入 score_segments。
2026,广东,历史,461,1030,92243,1032,92252,广东省教育考试院,https://eea.gd.gov.cn/ptgk/content/post_4916165.html,2026-06-25,pending_review,官方 PDF 可抽取文字但含水印，需人工核验后才能进入 score_segments。
2026,广东,历史,460,1036,93279,1037,93289,广东省教育考试院,https://eea.gd.gov.cn/ptgk/content/post_4916165.html,2026-06-25,pending_review,官方 PDF 可抽取文字但含水印，需人工核验后才能进入 score_segments。
2026,广东,历史,459,1028,94307,1030,94319,广东省教育考试院,https://eea.gd.gov.cn/ptgk/content/post_4916165.html,2026-06-25,pending_review,官方 PDF 可抽取文字但含水印，需人工核验后才能进入 score_segments。
2026,广东,历史,458,1027,95334,1029,95348,广东省教育考试院,https://eea.gd.gov.cn/ptgk/content/post_4916165.html,2026-06-25,pending_review,官方 PDF 可抽取文字但含水印，需人工核验后才能进入 score_segments。
2026,广东,历史,457,1028,96362,1030,96378,广东省教育考试院,https://eea.gd.gov.cn/ptgk/content/post_4916165.html,2026-06-25,pending_review,官方 PDF 可抽取文字但含水印，需人工核验后才能进入 score_segments。
2026,广东,历史,456,1063,97425,1061,97439,广东省教育考试院,https://eea.gd.gov.cn/ptgk/content/post_4916165.html,2026-06-25,pending_review,官方 PDF 可抽取文字但含水印，需人工核验后才能进入 score_segments。
2026,广东,历史,455,1037,98462,1036,98475,广东省教育考试院,https://eea.gd.gov.cn/ptgk/content/post_4916165.html,2026-06-25,pending_review,官方 PDF 可抽取文字但含水印，需人工核验后才能进入 score_segments。
2026,广东,历史,454,1068,99530,1067,99542,广东省教育考试院,https://eea.gd.gov.cn/ptgk/content/post_4916165.html,2026-06-25,pending_review,官方 PDF 可抽取文字但含水印，需人工核验后才能进入 score_segments。
2026,广东,历史,453,1100,100630,1099,100641,广东省教育考试院,https://eea.gd.gov.cn/ptgk/content/post_4916165.html,2026-06-25,pending_review,官方 PDF 可抽取文字但含水印，需人工核验后才能进入 score_segments。
2026,广东,历史,452,1067,101697,1066,101707,广东省教育考试院,https://eea.gd.gov.cn/ptgk/content/post_4916165.html,2026-06-25,pending_review,官方 PDF 可抽取文字但含水印，需人工核验后才能进入 score_segments。
2026,广东,历史,451,1057,102754,1056,102763,广东省教育考试院,https://eea.gd.gov.cn/ptgk/content/post_4916165.html,2026-06-25,pending_review,官方 PDF 可抽取文字但含水印，需人工核验后才能进入 score_segments。
2026,广东,历史,450,1065,103819,1066,103829,广东省教育考试院,https://eea.gd.gov.cn/ptgk/content/post_4916165.html,2026-06-25,pending_review,官方 PDF 可抽取文字但含水印，需人工核验后才能进入 score_segments。
2026,广东,历史,449,1088,104907,1092,104921,广东省教育考试院,https://eea.gd.gov.cn/ptgk/content/post_4916165.html,2026-06-25,pending_review,官方 PDF 可抽取文字但含水印，需人工核验后才能进入 score_segments。
2026,广东,历史,448,1057,105964,1057,105978,广东省教育考试院,https://eea.gd.gov.cn/ptgk/content/post_4916165.html,2026-06-25,pending_review,官方 PDF 可抽取文字但含水印，需人工核验后才能进入 score_segments。
2026,广东,历史,447,1131,107095,1134,107112,广东省教育考试院,https://eea.gd.gov.cn/ptgk/content/post_4916165.html,2026-06-25,pending_review,官方 PDF 可抽取文字但含水印，需人工核验后才能进入 score_segments。
2026,广东,历史,446,1060,108155,1061,108173,广东省教育考试院,https://eea.gd.gov.cn/ptgk/content/post_4916165.html,2026-06-25,pending_review,官方 PDF 可抽取文字但含水印，需人工核验后才能进入 score_segments。
2026,广东,历史,445,1085,109240,1085,109258,广东省教育考试院,https://eea.gd.gov.cn/ptgk/content/post_4916165.html,2026-06-25,pending_review,官方 PDF 可抽取文字但含水印，需人工核验后才能进入 score_segments。
2026,广东,历史,444,1134,110374,1130,110388,广东省教育考试院,https://eea.gd.gov.cn/ptgk/content/post_4916165.html,2026-06-25,pending_review,官方 PDF 可抽取文字但含水印，需人工核验后才能进入 score_segments。
2026,广东,历史,443,1101,111475,1105,111493,广东省教育考试院,https://eea.gd.gov.cn/ptgk/content/post_4916165.html,2026-06-25,pending_review,官方 PDF 可抽取文字但含水印，需人工核验后才能进入 score_segments。
2026,广东,历史,442,1112,112587,1111,112604,广东省教育考试院,https://eea.gd.gov.cn/ptgk/content/post_4916165.html,2026-06-25,pending_review,官方 PDF 可抽取文字但含水印，需人工核验后才能进入 score_segments。
2026,广东,历史,441,1002,113589,1000,113604,广东省教育考试院,https://eea.gd.gov.cn/ptgk/content/post_4916165.html,2026-06-25,pending_review,官方 PDF 可抽取文字但含水印，需人工核验后才能进入 score_segments。
2026,广东,历史,440,1103,114692,1103,114707,广东省教育考试院,https://eea.gd.gov.cn/ptgk/content/post_4916165.html,2026-06-25,pending_review,官方 PDF 可抽取文字但含水印，需人工核验后才能进入 score_segments。
2026,广东,历史,439,1093,115785,1093,115800,广东省教育考试院,https://eea.gd.gov.cn/ptgk/content/post_4916165.html,2026-06-25,pending_review,官方 PDF 可抽取文字但含水印，需人工核验后才能进入 score_segments。
2026,广东,历史,438,1117,116902,1113,116913,广东省教育考试院,https://eea.gd.gov.cn/ptgk/content/post_4916165.html,2026-06-25,pending_review,官方 PDF 可抽取文字但含水印，需人工核验后才能进入 score_segments。
2026,广东,历史,437,1079,117981,1077,117990,广东省教育考试院,https://eea.gd.gov.cn/ptgk/content/post_4916165.html,2026-06-25,pending_review,官方 PDF 可抽取文字但含水印，需人工核验后才能进入 score_segments。
2026,广东,历史,436,1099,119080,1101,119091,广东省教育考试院,https://eea.gd.gov.cn/ptgk/content/post_4916165.html,2026-06-25,pending_review,官方 PDF 可抽取文字但含水印，需人工核验后才能进入 score_segments。
2026,广东,历史,435,1106,120186,1106,120197,广东省教育考试院,https://eea.gd.gov.cn/ptgk/content/post_4916165.html,2026-06-25,pending_review,官方 PDF 可抽取文字但含水印，需人工核验后才能进入 score_segments。
2026,广东,历史,434,1103,121289,1105,121302,广东省教育考试院,https://eea.gd.gov.cn/ptgk/content/post_4916165.html,2026-06-25,pending_review,官方 PDF 可抽取文字但含水印，需人工核验后才能进入 score_segments。
2026,广东,历史,433,1153,122442,1152,122454,广东省教育考试院,https://eea.gd.gov.cn/ptgk/content/post_4916165.html,2026-06-25,pending_review,官方 PDF 可抽取文字但含水印，需人工核验后才能进入 score_segments。
2026,广东,历史,432,1094,123536,1093,123547,广东省教育考试院,https://eea.gd.gov.cn/ptgk/content/post_4916165.html,2026-06-25,pending_review,官方 PDF 可抽取文字但含水印，需人工核验后才能进入 score_segments。
2026,广东,历史,431,1117,124653,1118,124665,广东省教育考试院,https://eea.gd.gov.cn/ptgk/content/post_4916165.html,2026-06-25,pending_review,官方 PDF 可抽取文字但含水印，需人工核验后才能进入 score_segments。
2026,广东,历史,430,1053,125706,1055,125720,广东省教育考试院,https://eea.gd.gov.cn/ptgk/content/post_4916165.html,2026-06-25,pending_review,官方 PDF 可抽取文字但含水印，需人工核验后才能进入 score_segments。
2026,广东,历史,429,1121,126827,1118,126838,广东省教育考试院,https://eea.gd.gov.cn/ptgk/content/post_4916165.html,2026-06-25,pending_review,官方 PDF 可抽取文字但含水印，需人工核验后才能进入 score_segments。
2026,广东,历史,428,1137,127964,1139,127977,广东省教育考试院,https://eea.gd.gov.cn/ptgk/content/post_4916165.html,2026-06-25,pending_review,官方 PDF 可抽取文字但含水印，需人工核验后才能进入 score_segments。
2026,广东,历史,427,1125,129089,1129,129106,广东省教育考试院,https://eea.gd.gov.cn/ptgk/content/post_4916165.html,2026-06-25,pending_review,官方 PDF 可抽取文字但含水印，需人工核验后才能进入 score_segments。
2026,广东,历史,426,1073,130162,1070,130176,广东省教育考试院,https://eea.gd.gov.cn/ptgk/content/post_4916165.html,2026-06-25,pending_review,官方 PDF 可抽取文字但含水印，需人工核验后才能进入 score_segments。
2026,广东,历史,425,1103,131265,1104,131280,广东省教育考试院,https://eea.gd.gov.cn/ptgk/content/post_4916165.html,2026-06-25,pending_review,官方 PDF 可抽取文字但含水印，需人工核验后才能进入 score_segments。
2026,广东,历史,424,1103,132368,1104,132384,广东省教育考试院,https://eea.gd.gov.cn/ptgk/content/post_4916165.html,2026-06-25,pending_review,官方 PDF 可抽取文字但含水印，需人工核验后才能进入 score_segments。
2026,广东,历史,423,1093,133461,1090,133474,广东省教育考试院,https://eea.gd.gov.cn/ptgk/content/post_4916165.html,2026-06-25,pending_review,官方 PDF 可抽取文字但含水印，需人工核验后才能进入 score_segments。
2026,广东,历史,422,1127,134588,1126,134600,广东省教育考试院,https://eea.gd.gov.cn/ptgk/content/post_4916165.html,2026-06-25,pending_review,官方 PDF 可抽取文字但含水印，需人工核验后才能进入 score_segments。
2026,广东,历史,421,1099,135687,1104,135704,广东省教育考试院,https://eea.gd.gov.cn/ptgk/content/post_4916165.html,2026-06-25,pending_review,官方 PDF 可抽取文字但含水印，需人工核验后才能进入 score_segments。
2026,广东,历史,420,1054,136741,1050,136754,广东省教育考试院,https://eea.gd.gov.cn/ptgk/content/post_4916165.html,2026-06-25,pending_review,官方 PDF 可抽取文字但含水印，需人工核验后才能进入 score_segments。
2026,广东,历史,419,1028,137769,1030,137784,广东省教育考试院,https://eea.gd.gov.cn/ptgk/content/post_4916165.html,2026-06-25,pending_review,官方 PDF 可抽取文字但含水印，需人工核验后才能进入 score_segments。
2026,广东,历史,418,1153,138922,1154,138938,广东省教育考试院,https://eea.gd.gov.cn/ptgk/content/post_4916165.html,2026-06-25,pending_review,官方 PDF 可抽取文字但含水印，需人工核验后才能进入 score_segments。
2026,广东,历史,417,1132,140054,1133,140071,广东省教育考试院,https://eea.gd.gov.cn/ptgk/content/post_4916165.html,2026-06-25,pending_review,官方 PDF 可抽取文字但含水印，需人工核验后才能进入 score_segments。
2026,广东,历史,416,1077,141131,1073,141144,广东省教育考试院,https://eea.gd.gov.cn/ptgk/content/post_4916165.html,2026-06-25,pending_review,官方 PDF 可抽取文字但含水印，需人工核验后才能进入 score_segments。
2026,广东,历史,415,1145,142276,1146,142290,广东省教育考试院,https://eea.gd.gov.cn/ptgk/content/post_4916165.html,2026-06-25,pending_review,官方 PDF 可抽取文字但含水印，需人工核验后才能进入 score_segments。
2026,广东,历史,414,1095,143371,1094,143384,广东省教育考试院,https://eea.gd.gov.cn/ptgk/content/post_4916165.html,2026-06-25,pending_review,官方 PDF 可抽取文字但含水印，需人工核验后才能进入 score_segments。
2026,广东,历史,413,1086,144457,1086,144470,广东省教育考试院,https://eea.gd.gov.cn/ptgk/content/post_4916165.html,2026-06-25,pending_review,官方 PDF 可抽取文字但含水印，需人工核验后才能进入 score_segments。
2026,广东,历史,412,1164,145621,1161,145631,广东省教育考试院,https://eea.gd.gov.cn/ptgk/content/post_4916165.html,2026-06-25,pending_review,官方 PDF 可抽取文字但含水印，需人工核验后才能进入 score_segments。
2026,广东,历史,411,1116,146737,1117,146748,广东省教育考试院,https://eea.gd.gov.cn/ptgk/content/post_4916165.html,2026-06-25,pending_review,官方 PDF 可抽取文字但含水印，需人工核验后才能进入 score_segments。
2026,广东,历史,410,1114,147851,1117,147865,广东省教育考试院,https://eea.gd.gov.cn/ptgk/content/post_4916165.html,2026-06-25,pending_review,官方 PDF 可抽取文字但含水印，需人工核验后才能进入 score_segments。
2026,广东,历史,409,1120,148971,1120,148985,广东省教育考试院,https://eea.gd.gov.cn/ptgk/content/post_4916165.html,2026-06-25,pending_review,官方 PDF 可抽取文字但含水印，需人工核验后才能进入 score_segments。
2026,广东,历史,408,1126,150097,1126,150111,广东省教育考试院,https://eea.gd.gov.cn/ptgk/content/post_4916165.html,2026-06-25,pending_review,官方 PDF 可抽取文字但含水印，需人工核验后才能进入 score_segments。
2026,广东,历史,407,1070,151167,1072,151183,广东省教育考试院,https://eea.gd.gov.cn/ptgk/content/post_4916165.html,2026-06-25,pending_review,官方 PDF 可抽取文字但含水印，需人工核验后才能进入 score_segments。
2026,广东,历史,406,1111,152278,1111,152294,广东省教育考试院,https://eea.gd.gov.cn/ptgk/content/post_4916165.html,2026-06-25,pending_review,官方 PDF 可抽取文字但含水印，需人工核验后才能进入 score_segments。
2026,广东,历史,405,1134,153412,1132,153426,广东省教育考试院,https://eea.gd.gov.cn/ptgk/content/post_4916165.html,2026-06-25,pending_review,官方 PDF 可抽取文字但含水印，需人工核验后才能进入 score_segments。
2026,广东,历史,404,1113,154525,1113,154539,广东省教育考试院,https://eea.gd.gov.cn/ptgk/content/post_4916165.html,2026-06-25,pending_review,官方 PDF 可抽取文字但含水印，需人工核验后才能进入 score_segments。
2026,广东,历史,403,1124,155649,1126,155665,广东省教育考试院,https://eea.gd.gov.cn/ptgk/content/post_4916165.html,2026-06-25,pending_review,官方 PDF 可抽取文字但含水印，需人工核验后才能进入 score_segments。
2026,广东,历史,402,1092,156741,1094,156759,广东省教育考试院,https://eea.gd.gov.cn/ptgk/content/post_4916165.html,2026-06-25,pending_review,官方 PDF 可抽取文字但含水印，需人工核验后才能进入 score_segments。
2026,广东,历史,401,1141,157882,1141,157900,广东省教育考试院,https://eea.gd.gov.cn/ptgk/content/post_4916165.html,2026-06-25,pending_review,官方 PDF 可抽取文字但含水印，需人工核验后才能进入 score_segments。
2026,广东,历史,400,1123,159005,1126,159026,广东省教育考试院,https://eea.gd.gov.cn/ptgk/content/post_4916165.html,2026-06-25,pending_review,官方 PDF 可抽取文字但含水印，需人工核验后才能进入 score_segments。
2026,广东,历史,399,1145,160150,1143,160169,广东省教育考试院,https://eea.gd.gov.cn/ptgk/content/post_4916165.html,2026-06-25,pending_review,官方 PDF 可抽取文字但含水印，需人工核验后才能进入 score_segments。
2026,广东,历史,398,1127,161277,1127,161296,广东省教育考试院,https://eea.gd.gov.cn/ptgk/content/post_4916165.html,2026-06-25,pending_review,官方 PDF 可抽取文字但含水印，需人工核验后才能进入 score_segments。
2026,广东,历史,397,1152,162429,1149,162445,广东省教育考试院,https://eea.gd.gov.cn/ptgk/content/post_4916165.html,2026-06-25,pending_review,官方 PDF 可抽取文字但含水印，需人工核验后才能进入 score_segments。
2026,广东,历史,396,1082,163511,1080,163525,广东省教育考试院,https://eea.gd.gov.cn/ptgk/content/post_4916165.html,2026-06-25,pending_review,官方 PDF 可抽取文字但含水印，需人工核验后才能进入 score_segments。
2026,广东,历史,395,1127,164638,1124,164649,广东省教育考试院,https://eea.gd.gov.cn/ptgk/content/post_4916165.html,2026-06-25,pending_review,官方 PDF 可抽取文字但含水印，需人工核验后才能进入 score_segments。
2026,广东,历史,394,1105,165743,1108,165757,广东省教育考试院,https://eea.gd.gov.cn/ptgk/content/post_4916165.html,2026-06-25,pending_review,官方 PDF 可抽取文字但含水印，需人工核验后才能进入 score_segments。
2026,广东,历史,393,1132,166875,1133,166890,广东省教育考试院,https://eea.gd.gov.cn/ptgk/content/post_4916165.html,2026-06-25,pending_review,官方 PDF 可抽取文字但含水印，需人工核验后才能进入 score_segments。
2026,广东,历史,392,1119,167994,1118,168008,广东省教育考试院,https://eea.gd.gov.cn/ptgk/content/post_4916165.html,2026-06-25,pending_review,官方 PDF 可抽取文字但含水印，需人工核验后才能进入 score_segments。
2026,广东,历史,391,1093,169087,1094,169102,广东省教育考试院,https://eea.gd.gov.cn/ptgk/content/post_4916165.html,2026-06-25,pending_review,官方 PDF 可抽取文字但含水印，需人工核验后才能进入 score_segments。
2026,广东,历史,390,1095,170182,1093,170195,广东省教育考试院,https://eea.gd.gov.cn/ptgk/content/post_4916165.html,2026-06-25,pending_review,官方 PDF 可抽取文字但含水印，需人工核验后才能进入 score_segments。
2026,广东,历史,389,1086,171268,1084,171279,广东省教育考试院,https://eea.gd.gov.cn/ptgk/content/post_4916165.html,2026-06-25,pending_review,官方 PDF 可抽取文字但含水印，需人工核验后才能进入 score_segments。
2026,广东,历史,388,1073,172341,1072,172351,广东省教育考试院,https://eea.gd.gov.cn/ptgk/content/post_4916165.html,2026-06-25,pending_review,官方 PDF 可抽取文字但含水印，需人工核验后才能进入 score_segments。
2026,广东,历史,387,1085,173426,1086,173437,广东省教育考试院,https://eea.gd.gov.cn/ptgk/content/post_4916165.html,2026-06-25,pending_review,官方 PDF 可抽取文字但含水印，需人工核验后才能进入 score_segments。
2026,广东,历史,386,1026,174452,1026,174463,广东省教育考试院,https://eea.gd.gov.cn/ptgk/content/post_4916165.html,2026-06-25,pending_review,官方 PDF 可抽取文字但含水印，需人工核验后才能进入 score_segments。
2026,广东,历史,385,1066,175518,1068,175531,广东省教育考试院,https://eea.gd.gov.cn/ptgk/content/post_4916165.html,2026-06-25,pending_review,官方 PDF 可抽取文字但含水印，需人工核验后才能进入 score_segments。
2026,广东,历史,384,1159,176677,1163,176694,广东省教育考试院,https://eea.gd.gov.cn/ptgk/content/post_4916165.html,2026-06-25,pending_review,官方 PDF 可抽取文字但含水印，需人工核验后才能进入 score_segments。
2026,广东,历史,383,1091,177768,1092,177786,广东省教育考试院,https://eea.gd.gov.cn/ptgk/content/post_4916165.html,2026-06-25,pending_review,官方 PDF 可抽取文字但含水印，需人工核验后才能进入 score_segments。
2026,广东,历史,382,1071,178839,1071,178857,广东省教育考试院,https://eea.gd.gov.cn/ptgk/content/post_4916165.html,2026-06-25,pending_review,官方 PDF 可抽取文字但含水印，需人工核验后才能进入 score_segments。
2026,广东,历史,381,1060,179899,1061,179918,广东省教育考试院,https://eea.gd.gov.cn/ptgk/content/post_4916165.html,2026-06-25,pending_review,官方 PDF 可抽取文字但含水印，需人工核验后才能进入 score_segments。
2026,广东,历史,380,1079,180978,1077,180995,广东省教育考试院,https://eea.gd.gov.cn/ptgk/content/post_4916165.html,2026-06-25,pending_review,官方 PDF 可抽取文字但含水印，需人工核验后才能进入 score_segments。
2026,广东,历史,379,1040,182018,1036,182031,广东省教育考试院,https://eea.gd.gov.cn/ptgk/content/post_4916165.html,2026-06-25,pending_review,官方 PDF 可抽取文字但含水印，需人工核验后才能进入 score_segments。
2026,广东,历史,378,1007,183025,1008,183039,广东省教育考试院,https://eea.gd.gov.cn/ptgk/content/post_4916165.html,2026-06-25,pending_review,官方 PDF 可抽取文字但含水印，需人工核验后才能进入 score_segments。
2026,广东,历史,377,1103,184128,1106,184145,广东省教育考试院,https://eea.gd.gov.cn/ptgk/content/post_4916165.html,2026-06-25,pending_review,官方 PDF 可抽取文字但含水印，需人工核验后才能进入 score_segments。
2026,广东,历史,376,1052,185180,1053,185198,广东省教育考试院,https://eea.gd.gov.cn/ptgk/content/post_4916165.html,2026-06-25,pending_review,官方 PDF 可抽取文字但含水印，需人工核验后才能进入 score_segments。
2026,广东,历史,375,1158,186338,1163,186361,广东省教育考试院,https://eea.gd.gov.cn/ptgk/content/post_4916165.html,2026-06-25,pending_review,官方 PDF 可抽取文字但含水印，需人工核验后才能进入 score_segments。
2026,广东,历史,374,1030,187368,1034,187395,广东省教育考试院,https://eea.gd.gov.cn/ptgk/content/post_4916165.html,2026-06-25,pending_review,官方 PDF 可抽取文字但含水印，需人工核验后才能进入 score_segments。
2026,广东,历史,373,1053,188421,1054,188449,广东省教育考试院,https://eea.gd.gov.cn/ptgk/content/post_4916165.html,2026-06-25,pending_review,官方 PDF 可抽取文字但含水印，需人工核验后才能进入 score_segments。
2026,广东,历史,372,1107,189528,1105,189554,广东省教育考试院,https://eea.gd.gov.cn/ptgk/content/post_4916165.html,2026-06-25,pending_review,官方 PDF 可抽取文字但含水印，需人工核验后才能进入 score_segments。
2026,广东,历史,371,1006,190534,1005,190559,广东省教育考试院,https://eea.gd.gov.cn/ptgk/content/post_4916165.html,2026-06-25,pending_review,官方 PDF 可抽取文字但含水印，需人工核验后才能进入 score_segments。
2026,广东,历史,370,1087,191621,1084,191643,广东省教育考试院,https://eea.gd.gov.cn/ptgk/content/post_4916165.html,2026-06-25,pending_review,官方 PDF 可抽取文字但含水印，需人工核验后才能进入 score_segments。
2026,广东,历史,369,1131,192752,1131,192774,广东省教育考试院,https://eea.gd.gov.cn/ptgk/content/post_4916165.html,2026-06-25,pending_review,官方 PDF 可抽取文字但含水印，需人工核验后才能进入 score_segments。
2026,广东,历史,368,998,193750,992,193766,广东省教育考试院,https://eea.gd.gov.cn/ptgk/content/post_4916165.html,2026-06-25,pending_review,官方 PDF 可抽取文字但含水印，需人工核验后才能进入 score_segments。
2026,广东,历史,367,1014,194764,1014,194780,广东省教育考试院,https://eea.gd.gov.cn/ptgk/content/post_4916165.html,2026-06-25,pending_review,官方 PDF 可抽取文字但含水印，需人工核验后才能进入 score_segments。
2026,广东,历史,366,1028,195792,1034,195814,广东省教育考试院,https://eea.gd.gov.cn/ptgk/content/post_4916165.html,2026-06-25,pending_review,官方 PDF 可抽取文字但含水印，需人工核验后才能进入 score_segments。
2026,广东,历史,365,979,196771,982,196796,广东省教育考试院,https://eea.gd.gov.cn/ptgk/content/post_4916165.html,2026-06-25,pending_review,官方 PDF 可抽取文字但含水印，需人工核验后才能进入 score_segments。
2026,广东,历史,364,1051,197822,1049,197845,广东省教育考试院,https://eea.gd.gov.cn/ptgk/content/post_4916165.html,2026-06-25,pending_review,官方 PDF 可抽取文字但含水印，需人工核验后才能进入 score_segments。
2026,广东,历史,363,1031,198853,1034,198879,广东省教育考试院,https://eea.gd.gov.cn/ptgk/content/post_4916165.html,2026-06-25,pending_review,官方 PDF 可抽取文字但含水印，需人工核验后才能进入 score_segments。
2026,广东,历史,362,1059,199912,1056,199935,广东省教育考试院,https://eea.gd.gov.cn/ptgk/content/post_4916165.html,2026-06-25,pending_review,官方 PDF 可抽取文字但含水印，需人工核验后才能进入 score_segments。
2026,广东,历史,361,1039,200951,1032,200967,广东省教育考试院,https://eea.gd.gov.cn/ptgk/content/post_4916165.html,2026-06-25,pending_review,官方 PDF 可抽取文字但含水印，需人工核验后才能进入 score_segments。
2026,广东,历史,360,990,201941,986,201953,广东省教育考试院,https://eea.gd.gov.cn/ptgk/content/post_4916165.html,2026-06-25,pending_review,官方 PDF 可抽取文字但含水印，需人工核验后才能进入 score_segments。
2026,广东,历史,359,1020,202961,1021,202974,广东省教育考试院,https://eea.gd.gov.cn/ptgk/content/post_4916165.html,2026-06-25,pending_review,官方 PDF 可抽取文字但含水印，需人工核验后才能进入 score_segments。
2026,广东,历史,358,998,203959,998,203972,广东省教育考试院,https://eea.gd.gov.cn/ptgk/content/post_4916165.html,2026-06-25,pending_review,官方 PDF 可抽取文字但含水印，需人工核验后才能进入 score_segments。
2026,广东,历史,357,1034,204993,1039,205011,广东省教育考试院,https://eea.gd.gov.cn/ptgk/content/post_4916165.html,2026-06-25,pending_review,官方 PDF 可抽取文字但含水印，需人工核验后才能进入 score_segments。
2026,广东,历史,356,1000,205993,999,206010,广东省教育考试院,https://eea.gd.gov.cn/ptgk/content/post_4916165.html,2026-06-25,pending_review,官方 PDF 可抽取文字但含水印，需人工核验后才能进入 score_segments。
2026,广东,历史,355,1001,206994,1007,207017,广东省教育考试院,https://eea.gd.gov.cn/ptgk/content/post_4916165.html,2026-06-25,pending_review,官方 PDF 可抽取文字但含水印，需人工核验后才能进入 score_segments。
2026,广东,历史,354,955,207949,954,207971,广东省教育考试院,https://eea.gd.gov.cn/ptgk/content/post_4916165.html,2026-06-25,pending_review,官方 PDF 可抽取文字但含水印，需人工核验后才能进入 score_segments。
2026,广东,历史,353,1000,208949,1001,208972,广东省教育考试院,https://eea.gd.gov.cn/ptgk/content/post_4916165.html,2026-06-25,pending_review,官方 PDF 可抽取文字但含水印，需人工核验后才能进入 score_segments。
2026,广东,历史,352,1022,209971,1023,209995,广东省教育考试院,https://eea.gd.gov.cn/ptgk/content/post_4916165.html,2026-06-25,pending_review,官方 PDF 可抽取文字但含水印，需人工核验后才能进入 score_segments。
2026,广东,历史,351,1036,211007,1042,211037,广东省教育考试院,https://eea.gd.gov.cn/ptgk/content/post_4916165.html,2026-06-25,pending_review,官方 PDF 可抽取文字但含水印，需人工核验后才能进入 score_segments。
2026,广东,历史,350,993,212000,992,212029,广东省教育考试院,https://eea.gd.gov.cn/ptgk/content/post_4916165.html,2026-06-25,pending_review,官方 PDF 可抽取文字但含水印，需人工核验后才能进入 score_segments。
2026,广东,历史,349,989,212989,989,213018,广东省教育考试院,https://eea.gd.gov.cn/ptgk/content/post_4916165.html,2026-06-25,pending_review,官方 PDF 可抽取文字但含水印，需人工核验后才能进入 score_segments。
2026,广东,历史,348,965,213954,964,213982,广东省教育考试院,https://eea.gd.gov.cn/ptgk/content/post_4916165.html,2026-06-25,pending_review,官方 PDF 可抽取文字但含水印，需人工核验后才能进入 score_segments。
2026,广东,历史,347,982,214936,981,214963,广东省教育考试院,https://eea.gd.gov.cn/ptgk/content/post_4916165.html,2026-06-25,pending_review,官方 PDF 可抽取文字但含水印，需人工核验后才能进入 score_segments。
2026,广东,历史,346,1001,215937,996,215959,广东省教育考试院,https://eea.gd.gov.cn/ptgk/content/post_4916165.html,2026-06-25,pending_review,官方 PDF 可抽取文字但含水印，需人工核验后才能进入 score_segments。
2026,广东,历史,345,983,216920,978,216937,广东省教育考试院,https://eea.gd.gov.cn/ptgk/content/post_4916165.html,2026-06-25,pending_review,官方 PDF 可抽取文字但含水印，需人工核验后才能进入 score_segments。
2026,广东,历史,344,923,217843,921,217858,广东省教育考试院,https://eea.gd.gov.cn/ptgk/content/post_4916165.html,2026-06-25,pending_review,官方 PDF 可抽取文字但含水印，需人工核验后才能进入 score_segments。
2026,广东,历史,343,1001,218844,999,218857,广东省教育考试院,https://eea.gd.gov.cn/ptgk/content/post_4916165.html,2026-06-25,pending_review,官方 PDF 可抽取文字但含水印，需人工核验后才能进入 score_segments。
2026,广东,历史,342,984,219828,983,219840,广东省教育考试院,https://eea.gd.gov.cn/ptgk/content/post_4916165.html,2026-06-25,pending_review,官方 PDF 可抽取文字但含水印，需人工核验后才能进入 score_segments。
2026,广东,历史,341,974,220802,974,220814,广东省教育考试院,https://eea.gd.gov.cn/ptgk/content/post_4916165.html,2026-06-25,pending_review,官方 PDF 可抽取文字但含水印，需人工核验后才能进入 score_segments。
2026,广东,历史,340,908,221710,909,221723,广东省教育考试院,https://eea.gd.gov.cn/ptgk/content/post_4916165.html,2026-06-25,pending_review,官方 PDF 可抽取文字但含水印，需人工核验后才能进入 score_segments。
2026,广东,历史,339,1000,222710,1006,222729,广东省教育考试院,https://eea.gd.gov.cn/ptgk/content/post_4916165.html,2026-06-25,pending_review,官方 PDF 可抽取文字但含水印，需人工核验后才能进入 score_segments。
2026,广东,历史,338,1009,223719,1013,223742,广东省教育考试院,https://eea.gd.gov.cn/ptgk/content/post_4916165.html,2026-06-25,pending_review,官方 PDF 可抽取文字但含水印，需人工核验后才能进入 score_segments。
2026,广东,历史,337,963,224682,964,224706,广东省教育考试院,https://eea.gd.gov.cn/ptgk/content/post_4916165.html,2026-06-25,pending_review,官方 PDF 可抽取文字但含水印，需人工核验后才能进入 score_segments。
2026,广东,历史,336,920,225602,924,225630,广东省教育考试院,https://eea.gd.gov.cn/ptgk/content/post_4916165.html,2026-06-25,pending_review,官方 PDF 可抽取文字但含水印，需人工核验后才能进入 score_segments。
2026,广东,历史,335,936,226538,936,226566,广东省教育考试院,https://eea.gd.gov.cn/ptgk/content/post_4916165.html,2026-06-25,pending_review,官方 PDF 可抽取文字但含水印，需人工核验后才能进入 score_segments。
2026,广东,历史,334,918,227456,913,227479,广东省教育考试院,https://eea.gd.gov.cn/ptgk/content/post_4916165.html,2026-06-25,pending_review,官方 PDF 可抽取文字但含水印，需人工核验后才能进入 score_segments。
2026,广东,历史,333,953,228409,951,228430,广东省教育考试院,https://eea.gd.gov.cn/ptgk/content/post_4916165.html,2026-06-25,pending_review,官方 PDF 可抽取文字但含水印，需人工核验后才能进入 score_segments。
2026,广东,历史,332,946,229355,949,229379,广东省教育考试院,https://eea.gd.gov.cn/ptgk/content/post_4916165.html,2026-06-25,pending_review,官方 PDF 可抽取文字但含水印，需人工核验后才能进入 score_segments。
2026,广东,历史,331,920,230275,921,230300,广东省教育考试院,https://eea.gd.gov.cn/ptgk/content/post_4916165.html,2026-06-25,pending_review,官方 PDF 可抽取文字但含水印，需人工核验后才能进入 score_segments。
2026,广东,历史,330,938,231213,941,231241,广东省教育考试院,https://eea.gd.gov.cn/ptgk/content/post_4916165.html,2026-06-25,pending_review,官方 PDF 可抽取文字但含水印，需人工核验后才能进入 score_segments。
2026,广东,历史,329,900,232113,899,232140,广东省教育考试院,https://eea.gd.gov.cn/ptgk/content/post_4916165.html,2026-06-25,pending_review,官方 PDF 可抽取文字但含水印，需人工核验后才能进入 score_segments。
2026,广东,历史,328,872,232985,875,233015,广东省教育考试院,https://eea.gd.gov.cn/ptgk/content/post_4916165.html,2026-06-25,pending_review,官方 PDF 可抽取文字但含水印，需人工核验后才能进入 score_segments。
2026,广东,历史,327,914,233899,911,233926,广东省教育考试院,https://eea.gd.gov.cn/ptgk/content/post_4916165.html,2026-06-25,pending_review,官方 PDF 可抽取文字但含水印，需人工核验后才能进入 score_segments。
2026,广东,历史,326,835,234734,831,234757,广东省教育考试院,https://eea.gd.gov.cn/ptgk/content/post_4916165.html,2026-06-25,pending_review,官方 PDF 可抽取文字但含水印，需人工核验后才能进入 score_segments。
2026,广东,历史,325,859,235593,857,235614,广东省教育考试院,https://eea.gd.gov.cn/ptgk/content/post_4916165.html,2026-06-25,pending_review,官方 PDF 可抽取文字但含水印，需人工核验后才能进入 score_segments。
2026,广东,历史,324,871,236464,871,236485,广东省教育考试院,https://eea.gd.gov.cn/ptgk/content/post_4916165.html,2026-06-25,pending_review,官方 PDF 可抽取文字但含水印，需人工核验后才能进入 score_segments。
2026,广东,历史,323,844,237308,843,237328,广东省教育考试院,https://eea.gd.gov.cn/ptgk/content/post_4916165.html,2026-06-25,pending_review,官方 PDF 可抽取文字但含水印，需人工核验后才能进入 score_segments。
2026,广东,历史,322,894,238202,894,238222,广东省教育考试院,https://eea.gd.gov.cn/ptgk/content/post_4916165.html,2026-06-25,pending_review,官方 PDF 可抽取文字但含水印，需人工核验后才能进入 score_segments。
2026,广东,历史,321,891,239093,891,239113,广东省教育考试院,https://eea.gd.gov.cn/ptgk/content/post_4916165.html,2026-06-25,pending_review,官方 PDF 可抽取文字但含水印，需人工核验后才能进入 score_segments。
2026,广东,历史,320,892,239985,889,240002,广东省教育考试院,https://eea.gd.gov.cn/ptgk/content/post_4916165.html,2026-06-25,pending_review,官方 PDF 可抽取文字但含水印，需人工核验后才能进入 score_segments。
2026,广东,历史,319,829,240814,831,240833,广东省教育考试院,https://eea.gd.gov.cn/ptgk/content/post_4916165.html,2026-06-25,pending_review,官方 PDF 可抽取文字但含水印，需人工核验后才能进入 score_segments。
2026,广东,历史,318,852,241666,849,241682,广东省教育考试院,https://eea.gd.gov.cn/ptgk/content/post_4916165.html,2026-06-25,pending_review,官方 PDF 可抽取文字但含水印，需人工核验后才能进入 score_segments。
2026,广东,历史,317,807,242473,805,242487,广东省教育考试院,https://eea.gd.gov.cn/ptgk/content/post_4916165.html,2026-06-25,pending_review,官方 PDF 可抽取文字但含水印，需人工核验后才能进入 score_segments。
2026,广东,历史,316,832,243305,834,243321,广东省教育考试院,https://eea.gd.gov.cn/ptgk/content/post_4916165.html,2026-06-25,pending_review,官方 PDF 可抽取文字但含水印，需人工核验后才能进入 score_segments。
2026,广东,历史,315,808,244113,811,244132,广东省教育考试院,https://eea.gd.gov.cn/ptgk/content/post_4916165.html,2026-06-25,pending_review,官方 PDF 可抽取文字但含水印，需人工核验后才能进入 score_segments。
2026,广东,历史,314,850,244963,848,244980,广东省教育考试院,https://eea.gd.gov.cn/ptgk/content/post_4916165.html,2026-06-25,pending_review,官方 PDF 可抽取文字但含水印，需人工核验后才能进入 score_segments。
2026,广东,历史,313,850,245813,851,245831,广东省教育考试院,https://eea.gd.gov.cn/ptgk/content/post_4916165.html,2026-06-25,pending_review,官方 PDF 可抽取文字但含水印，需人工核验后才能进入 score_segments。
2026,广东,历史,312,829,246642,828,246659,广东省教育考试院,https://eea.gd.gov.cn/ptgk/content/post_4916165.html,2026-06-25,pending_review,官方 PDF 可抽取文字但含水印，需人工核验后才能进入 score_segments。
2026,广东,历史,311,799,247441,799,247458,广东省教育考试院,https://eea.gd.gov.cn/ptgk/content/post_4916165.html,2026-06-25,pending_review,官方 PDF 可抽取文字但含水印，需人工核验后才能进入 score_segments。
2026,广东,历史,310,835,248276,837,248295,广东省教育考试院,https://eea.gd.gov.cn/ptgk/content/post_4916165.html,2026-06-25,pending_review,官方 PDF 可抽取文字但含水印，需人工核验后才能进入 score_segments。
2026,广东,历史,309,853,249129,859,249154,广东省教育考试院,https://eea.gd.gov.cn/ptgk/content/post_4916165.html,2026-06-25,pending_review,官方 PDF 可抽取文字但含水印，需人工核验后才能进入 score_segments。
2026,广东,历史,308,799,249928,800,249954,广东省教育考试院,https://eea.gd.gov.cn/ptgk/content/post_4916165.html,2026-06-25,pending_review,官方 PDF 可抽取文字但含水印，需人工核验后才能进入 score_segments。
2026,广东,历史,307,826,250754,828,250782,广东省教育考试院,https://eea.gd.gov.cn/ptgk/content/post_4916165.html,2026-06-25,pending_review,官方 PDF 可抽取文字但含水印，需人工核验后才能进入 score_segments。
2026,广东,历史,306,752,251506,753,251535,广东省教育考试院,https://eea.gd.gov.cn/ptgk/content/post_4916165.html,2026-06-25,pending_review,官方 PDF 可抽取文字但含水印，需人工核验后才能进入 score_segments。
2026,广东,历史,305,809,252315,806,252341,广东省教育考试院,https://eea.gd.gov.cn/ptgk/content/post_4916165.html,2026-06-25,pending_review,官方 PDF 可抽取文字但含水印，需人工核验后才能进入 score_segments。
2026,广东,历史,304,818,253133,816,253157,广东省教育考试院,https://eea.gd.gov.cn/ptgk/content/post_4916165.html,2026-06-25,pending_review,官方 PDF 可抽取文字但含水印，需人工核验后才能进入 score_segments。
2026,广东,历史,303,777,253910,775,253932,广东省教育考试院,https://eea.gd.gov.cn/ptgk/content/post_4916165.html,2026-06-25,pending_review,官方 PDF 可抽取文字但含水印，需人工核验后才能进入 score_segments。
2026,广东,历史,302,788,254698,787,254719,广东省教育考试院,https://eea.gd.gov.cn/ptgk/content/post_4916165.html,2026-06-25,pending_review,官方 PDF 可抽取文字但含水印，需人工核验后才能进入 score_segments。
2026,广东,历史,301,780,255478,776,255495,广东省教育考试院,https://eea.gd.gov.cn/ptgk/content/post_4916165.html,2026-06-25,pending_review,官方 PDF 可抽取文字但含水印，需人工核验后才能进入 score_segments。
2026,广东,历史,300,745,256223,744,256239,广东省教育考试院,https://eea.gd.gov.cn/ptgk/content/post_4916165.html,2026-06-25,pending_review,官方 PDF 可抽取文字但含水印，需人工核验后才能进入 score_segments。
2026,广东,历史,299,726,256949,724,256963,广东省教育考试院,https://eea.gd.gov.cn/ptgk/content/post_4916165.html,2026-06-25,pending_review,官方 PDF 可抽取文字但含水印，需人工核验后才能进入 score_segments。
2026,广东,历史,298,692,257641,691,257654,广东省教育考试院,https://eea.gd.gov.cn/ptgk/content/post_4916165.html,2026-06-25,pending_review,官方 PDF 可抽取文字但含水印，需人工核验后才能进入 score_segments。
2026,广东,历史,297,706,258347,710,258364,广东省教育考试院,https://eea.gd.gov.cn/ptgk/content/post_4916165.html,2026-06-25,pending_review,官方 PDF 可抽取文字但含水印，需人工核验后才能进入 score_segments。
2026,广东,历史,296,720,259067,724,259088,广东省教育考试院,https://eea.gd.gov.cn/ptgk/content/post_4916165.html,2026-06-25,pending_review,官方 PDF 可抽取文字但含水印，需人工核验后才能进入 score_segments。
2026,广东,历史,295,700,259767,700,259788,广东省教育考试院,https://eea.gd.gov.cn/ptgk/content/post_4916165.html,2026-06-25,pending_review,官方 PDF 可抽取文字但含水印，需人工核验后才能进入 score_segments。
2026,广东,历史,294,690,260457,691,260479,广东省教育考试院,https://eea.gd.gov.cn/ptgk/content/post_4916165.html,2026-06-25,pending_review,官方 PDF 可抽取文字但含水印，需人工核验后才能进入 score_segments。
2026,广东,历史,293,657,261114,658,261137,广东省教育考试院,https://eea.gd.gov.cn/ptgk/content/post_4916165.html,2026-06-25,pending_review,官方 PDF 可抽取文字但含水印，需人工核验后才能进入 score_segments。
2026,广东,历史,292,695,261809,689,261826,广东省教育考试院,https://eea.gd.gov.cn/ptgk/content/post_4916165.html,2026-06-25,pending_review,官方 PDF 可抽取文字但含水印，需人工核验后才能进入 score_segments。
2026,广东,历史,291,723,262532,719,262545,广东省教育考试院,https://eea.gd.gov.cn/ptgk/content/post_4916165.html,2026-06-25,pending_review,官方 PDF 可抽取文字但含水印，需人工核验后才能进入 score_segments。
2026,广东,历史,290,661,263193,661,263206,广东省教育考试院,https://eea.gd.gov.cn/ptgk/content/post_4916165.html,2026-06-25,pending_review,官方 PDF 可抽取文字但含水印，需人工核验后才能进入 score_segments。
2026,广东,历史,289,674,263867,675,263881,广东省教育考试院,https://eea.gd.gov.cn/ptgk/content/post_4916165.html,2026-06-25,pending_review,官方 PDF 可抽取文字但含水印，需人工核验后才能进入 score_segments。
2026,广东,历史,288,656,264523,657,264538,广东省教育考试院,https://eea.gd.gov.cn/ptgk/content/post_4916165.html,2026-06-25,pending_review,官方 PDF 可抽取文字但含水印，需人工核验后才能进入 score_segments。
2026,广东,历史,287,620,265143,623,265161,广东省教育考试院,https://eea.gd.gov.cn/ptgk/content/post_4916165.html,2026-06-25,pending_review,官方 PDF 可抽取文字但含水印，需人工核验后才能进入 score_segments。
2026,广东,历史,286,612,265755,616,265777,广东省教育考试院,https://eea.gd.gov.cn/ptgk/content/post_4916165.html,2026-06-25,pending_review,官方 PDF 可抽取文字但含水印，需人工核验后才能进入 score_segments。
2026,广东,历史,285,611,266366,613,266390,广东省教育考试院,https://eea.gd.gov.cn/ptgk/content/post_4916165.html,2026-06-25,pending_review,官方 PDF 可抽取文字但含水印，需人工核验后才能进入 score_segments。
2026,广东,历史,284,575,266941,573,266963,广东省教育考试院,https://eea.gd.gov.cn/ptgk/content/post_4916165.html,2026-06-25,pending_review,官方 PDF 可抽取文字但含水印，需人工核验后才能进入 score_segments。
2026,广东,历史,283,607,267548,607,267570,广东省教育考试院,https://eea.gd.gov.cn/ptgk/content/post_4916165.html,2026-06-25,pending_review,官方 PDF 可抽取文字但含水印，需人工核验后才能进入 score_segments。
2026,广东,历史,282,580,268128,577,268147,广东省教育考试院,https://eea.gd.gov.cn/ptgk/content/post_4916165.html,2026-06-25,pending_review,官方 PDF 可抽取文字但含水印，需人工核验后才能进入 score_segments。
2026,广东,历史,281,588,268716,584,268731,广东省教育考试院,https://eea.gd.gov.cn/ptgk/content/post_4916165.html,2026-06-25,pending_review,官方 PDF 可抽取文字但含水印，需人工核验后才能进入 score_segments。
2026,广东,历史,280,629,269345,630,269361,广东省教育考试院,https://eea.gd.gov.cn/ptgk/content/post_4916165.html,2026-06-25,pending_review,官方 PDF 可抽取文字但含水印，需人工核验后才能进入 score_segments。
2026,广东,历史,279,584,269929,584,269945,广东省教育考试院,https://eea.gd.gov.cn/ptgk/content/post_4916165.html,2026-06-25,pending_review,官方 PDF 可抽取文字但含水印，需人工核验后才能进入 score_segments。
2026,广东,历史,278,588,270517,588,270533,广东省教育考试院,https://eea.gd.gov.cn/ptgk/content/post_4916165.html,2026-06-25,pending_review,官方 PDF 可抽取文字但含水印，需人工核验后才能进入 score_segments。
2026,广东,历史,277,580,271097,582,271115,广东省教育考试院,https://eea.gd.gov.cn/ptgk/content/post_4916165.html,2026-06-25,pending_review,官方 PDF 可抽取文字但含水印，需人工核验后才能进入 score_segments。
2026,广东,历史,276,626,271723,628,271743,广东省教育考试院,https://eea.gd.gov.cn/ptgk/content/post_4916165.html,2026-06-25,pending_review,官方 PDF 可抽取文字但含水印，需人工核验后才能进入 score_segments。
2026,广东,历史,275,567,272290,563,272306,广东省教育考试院,https://eea.gd.gov.cn/ptgk/content/post_4916165.html,2026-06-25,pending_review,官方 PDF 可抽取文字但含水印，需人工核验后才能进入 score_segments。
2026,广东,历史,274,513,272803,511,272817,广东省教育考试院,https://eea.gd.gov.cn/ptgk/content/post_4916165.html,2026-06-25,pending_review,官方 PDF 可抽取文字但含水印，需人工核验后才能进入 score_segments。
2026,广东,历史,273,520,273323,518,273335,广东省教育考试院,https://eea.gd.gov.cn/ptgk/content/post_4916165.html,2026-06-25,pending_review,官方 PDF 可抽取文字但含水印，需人工核验后才能进入 score_segments。
2026,广东,历史,272,557,273880,555,273890,广东省教育考试院,https://eea.gd.gov.cn/ptgk/content/post_4916165.html,2026-06-25,pending_review,官方 PDF 可抽取文字但含水印，需人工核验后才能进入 score_segments。
2026,广东,历史,271,494,274374,490,274380,广东省教育考试院,https://eea.gd.gov.cn/ptgk/content/post_4916165.html,2026-06-25,pending_review,官方 PDF 可抽取文字但含水印，需人工核验后才能进入 score_segments。
2026,广东,历史,270,483,274857,482,274862,广东省教育考试院,https://eea.gd.gov.cn/ptgk/content/post_4916165.html,2026-06-25,pending_review,官方 PDF 可抽取文字但含水印，需人工核验后才能进入 score_segments。
2026,广东,历史,269,466,275323,468,275330,广东省教育考试院,https://eea.gd.gov.cn/ptgk/content/post_4916165.html,2026-06-25,pending_review,官方 PDF 可抽取文字但含水印，需人工核验后才能进入 score_segments。
2026,广东,历史,268,490,275813,489,275819,广东省教育考试院,https://eea.gd.gov.cn/ptgk/content/post_4916165.html,2026-06-25,pending_review,官方 PDF 可抽取文字但含水印，需人工核验后才能进入 score_segments。
2026,广东,历史,267,481,276294,479,276298,广东省教育考试院,https://eea.gd.gov.cn/ptgk/content/post_4916165.html,2026-06-25,pending_review,官方 PDF 可抽取文字但含水印，需人工核验后才能进入 score_segments。
2026,广东,历史,266,481,276775,482,276780,广东省教育考试院,https://eea.gd.gov.cn/ptgk/content/post_4916165.html,2026-06-25,pending_review,官方 PDF 可抽取文字但含水印，需人工核验后才能进入 score_segments。
2026,广东,历史,265,436,277211,440,277220,广东省教育考试院,https://eea.gd.gov.cn/ptgk/content/post_4916165.html,2026-06-25,pending_review,官方 PDF 可抽取文字但含水印，需人工核验后才能进入 score_segments。
2026,广东,历史,264,482,277693,481,277701,广东省教育考试院,https://eea.gd.gov.cn/ptgk/content/post_4916165.html,2026-06-25,pending_review,官方 PDF 可抽取文字但含水印，需人工核验后才能进入 score_segments。
2026,广东,历史,263,442,278135,444,278145,广东省教育考试院,https://eea.gd.gov.cn/ptgk/content/post_4916165.html,2026-06-25,pending_review,官方 PDF 可抽取文字但含水印，需人工核验后才能进入 score_segments。
2026,广东,历史,262,433,278568,434,278579,广东省教育考试院,https://eea.gd.gov.cn/ptgk/content/post_4916165.html,2026-06-25,pending_review,官方 PDF 可抽取文字但含水印，需人工核验后才能进入 score_segments。
2026,广东,历史,261,428,278996,427,279006,广东省教育考试院,https://eea.gd.gov.cn/ptgk/content/post_4916165.html,2026-06-25,pending_review,官方 PDF 可抽取文字但含水印，需人工核验后才能进入 score_segments。
2026,广东,历史,260,386,279382,382,279388,广东省教育考试院,https://eea.gd.gov.cn/ptgk/content/post_4916165.html,2026-06-25,pending_review,官方 PDF 可抽取文字但含水印，需人工核验后才能进入 score_segments。
2026,广东,历史,259,441,279823,438,279826,广东省教育考试院,https://eea.gd.gov.cn/ptgk/content/post_4916165.html,2026-06-25,pending_review,官方 PDF 可抽取文字但含水印，需人工核验后才能进入 score_segments。
2026,广东,历史,258,409,280232,407,280233,广东省教育考试院,https://eea.gd.gov.cn/ptgk/content/post_4916165.html,2026-06-25,pending_review,官方 PDF 可抽取文字但含水印，需人工核验后才能进入 score_segments。
2026,广东,历史,257,417,280649,416,280649,广东省教育考试院,https://eea.gd.gov.cn/ptgk/content/post_4916165.html,2026-06-25,pending_review,官方 PDF 可抽取文字但含水印，需人工核验后才能进入 score_segments。
2026,广东,历史,256,407,281056,408,281057,广东省教育考试院,https://eea.gd.gov.cn/ptgk/content/post_4916165.html,2026-06-25,pending_review,官方 PDF 可抽取文字但含水印，需人工核验后才能进入 score_segments。
2026,广东,历史,255,369,281425,369,281426,广东省教育考试院,https://eea.gd.gov.cn/ptgk/content/post_4916165.html,2026-06-25,pending_review,官方 PDF 可抽取文字但含水印，需人工核验后才能进入 score_segments。
2026,广东,历史,254,382,281807,383,281809,广东省教育考试院,https://eea.gd.gov.cn/ptgk/content/post_4916165.html,2026-06-25,pending_review,官方 PDF 可抽取文字但含水印，需人工核验后才能进入 score_segments。
2026,广东,历史,253,363,282170,363,282172,广东省教育考试院,https://eea.gd.gov.cn/ptgk/content/post_4916165.html,2026-06-25,pending_review,官方 PDF 可抽取文字但含水印，需人工核验后才能进入 score_segments。
2026,广东,历史,252,336,282506,338,282510,广东省教育考试院,https://eea.gd.gov.cn/ptgk/content/post_4916165.html,2026-06-25,pending_review,官方 PDF 可抽取文字但含水印，需人工核验后才能进入 score_segments。
2026,广东,历史,251,356,282862,355,282865,广东省教育考试院,https://eea.gd.gov.cn/ptgk/content/post_4916165.html,2026-06-25,pending_review,官方 PDF 可抽取文字但含水印，需人工核验后才能进入 score_segments。
2026,广东,历史,250,330,283192,331,283196,广东省教育考试院,https://eea.gd.gov.cn/ptgk/content/post_4916165.html,2026-06-25,pending_review,官方 PDF 可抽取文字但含水印，需人工核验后才能进入 score_segments。
2026,广东,历史,249,346,283538,346,283542,广东省教育考试院,https://eea.gd.gov.cn/ptgk/content/post_4916165.html,2026-06-25,pending_review,官方 PDF 可抽取文字但含水印，需人工核验后才能进入 score_segments。
2026,广东,历史,248,321,283859,321,283863,广东省教育考试院,https://eea.gd.gov.cn/ptgk/content/post_4916165.html,2026-06-25,pending_review,官方 PDF 可抽取文字但含水印，需人工核验后才能进入 score_segments。
2026,广东,历史,247,304,284163,303,284166,广东省教育考试院,https://eea.gd.gov.cn/ptgk/content/post_4916165.html,2026-06-25,pending_review,官方 PDF 可抽取文字但含水印，需人工核验后才能进入 score_segments。
2026,广东,历史,246,288,284451,289,284455,广东省教育考试院,https://eea.gd.gov.cn/ptgk/content/post_4916165.html,2026-06-25,pending_review,官方 PDF 可抽取文字但含水印，需人工核验后才能进入 score_segments。
2026,广东,历史,245,278,284729,278,284733,广东省教育考试院,https://eea.gd.gov.cn/ptgk/content/post_4916165.html,2026-06-25,pending_review,官方 PDF 可抽取文字但含水印，需人工核验后才能进入 score_segments。
2026,广东,历史,244,264,284993,265,284998,广东省教育考试院,https://eea.gd.gov.cn/ptgk/content/post_4916165.html,2026-06-25,pending_review,官方 PDF 可抽取文字但含水印，需人工核验后才能进入 score_segments。
2026,广东,历史,243,279,285272,279,285277,广东省教育考试院,https://eea.gd.gov.cn/ptgk/content/post_4916165.html,2026-06-25,pending_review,官方 PDF 可抽取文字但含水印，需人工核验后才能进入 score_segments。
2026,广东,历史,242,283,285555,283,285560,广东省教育考试院,https://eea.gd.gov.cn/ptgk/content/post_4916165.html,2026-06-25,pending_review,官方 PDF 可抽取文字但含水印，需人工核验后才能进入 score_segments。
2026,广东,历史,241,229,285784,228,285788,广东省教育考试院,https://eea.gd.gov.cn/ptgk/content/post_4916165.html,2026-06-25,pending_review,官方 PDF 可抽取文字但含水印，需人工核验后才能进入 score_segments。
2026,广东,历史,240,278,286062,279,286067,广东省教育考试院,https://eea.gd.gov.cn/ptgk/content/post_4916165.html,2026-06-25,pending_review,官方 PDF 可抽取文字但含水印，需人工核验后才能进入 score_segments。
2026,广东,历史,239,254,286316,252,286319,广东省教育考试院,https://eea.gd.gov.cn/ptgk/content/post_4916165.html,2026-06-25,pending_review,官方 PDF 可抽取文字但含水印，需人工核验后才能进入 score_segments。
2026,广东,历史,238,276,286592,277,286596,广东省教育考试院,https://eea.gd.gov.cn/ptgk/content/post_4916165.html,2026-06-25,pending_review,官方 PDF 可抽取文字但含水印，需人工核验后才能进入 score_segments。
2026,广东,历史,237,237,286829,236,286832,广东省教育考试院,https://eea.gd.gov.cn/ptgk/content/post_4916165.html,2026-06-25,pending_review,官方 PDF 可抽取文字但含水印，需人工核验后才能进入 score_segments。
2026,广东,历史,236,242,287071,242,287074,广东省教育考试院,https://eea.gd.gov.cn/ptgk/content/post_4916165.html,2026-06-25,pending_review,官方 PDF 可抽取文字但含水印，需人工核验后才能进入 score_segments。
2026,广东,历史,235,206,287277,205,287279,广东省教育考试院,https://eea.gd.gov.cn/ptgk/content/post_4916165.html,2026-06-25,pending_review,官方 PDF 可抽取文字但含水印，需人工核验后才能进入 score_segments。
2026,广东,历史,234,198,287475,198,287477,广东省教育考试院,https://eea.gd.gov.cn/ptgk/content/post_4916165.html,2026-06-25,pending_review,官方 PDF 可抽取文字但含水印，需人工核验后才能进入 score_segments。
2026,广东,历史,233,224,287699,223,287700,广东省教育考试院,https://eea.gd.gov.cn/ptgk/content/post_4916165.html,2026-06-25,pending_review,官方 PDF 可抽取文字但含水印，需人工核验后才能进入 score_segments。
2026,广东,历史,232,220,287919,220,287920,广东省教育考试院,https://eea.gd.gov.cn/ptgk/content/post_4916165.html,2026-06-25,pending_review,官方 PDF 可抽取文字但含水印，需人工核验后才能进入 score_segments。
2026,广东,历史,231,205,288124,205,288125,广东省教育考试院,https://eea.gd.gov.cn/ptgk/content/post_4916165.html,2026-06-25,pending_review,官方 PDF 可抽取文字但含水印，需人工核验后才能进入 score_segments。
2026,广东,历史,230,192,288316,191,288316,广东省教育考试院,https://eea.gd.gov.cn/ptgk/content/post_4916165.html,2026-06-25,pending_review,官方 PDF 可抽取文字但含水印，需人工核验后才能进入 score_segments。
2026,广东,历史,229,191,288507,191,288507,广东省教育考试院,https://eea.gd.gov.cn/ptgk/content/post_4916165.html,2026-06-25,pending_review,官方 PDF 可抽取文字但含水印，需人工核验后才能进入 score_segments。
2026,广东,历史,228,180,288687,180,288687,广东省教育考试院,https://eea.gd.gov.cn/ptgk/content/post_4916165.html,2026-06-25,pending_review,官方 PDF 可抽取文字但含水印，需人工核验后才能进入 score_segments。
2026,广东,历史,227,200,288887,200,288887,广东省教育考试院,https://eea.gd.gov.cn/ptgk/content/post_4916165.html,2026-06-25,pending_review,官方 PDF 可抽取文字但含水印，需人工核验后才能进入 score_segments。
2026,广东,历史,226,180,289067,180,289067,广东省教育考试院,https://eea.gd.gov.cn/ptgk/content/post_4916165.html,2026-06-25,pending_review,官方 PDF 可抽取文字但含水印，需人工核验后才能进入 score_segments。
2026,广东,历史,225,165,289232,165,289232,广东省教育考试院,https://eea.gd.gov.cn/ptgk/content/post_4916165.html,2026-06-25,pending_review,官方 PDF 可抽取文字但含水印，需人工核验后才能进入 score_segments。
2026,广东,历史,224,165,289397,165,289397,广东省教育考试院,https://eea.gd.gov.cn/ptgk/content/post_4916165.html,2026-06-25,pending_review,官方 PDF 可抽取文字但含水印，需人工核验后才能进入 score_segments。
2026,广东,历史,223,165,289562,165,289562,广东省教育考试院,https://eea.gd.gov.cn/ptgk/content/post_4916165.html,2026-06-25,pending_review,官方 PDF 可抽取文字但含水印，需人工核验后才能进入 score_segments。
2026,广东,历史,222,158,289720,158,289720,广东省教育考试院,https://eea.gd.gov.cn/ptgk/content/post_4916165.html,2026-06-25,pending_review,官方 PDF 可抽取文字但含水印，需人工核验后才能进入 score_segments。
2026,广东,历史,221,129,289849,130,289850,广东省教育考试院,https://eea.gd.gov.cn/ptgk/content/post_4916165.html,2026-06-25,pending_review,官方 PDF 可抽取文字但含水印，需人工核验后才能进入 score_segments。
2026,广东,历史,220,149,289998,149,289999,广东省教育考试院,https://eea.gd.gov.cn/ptgk/content/post_4916165.html,2026-06-25,pending_review,官方 PDF 可抽取文字但含水印，需人工核验后才能进入 score_segments。
2026,广东,历史,219,134,290132,134,290133,广东省教育考试院,https://eea.gd.gov.cn/ptgk/content/post_4916165.html,2026-06-25,pending_review,官方 PDF 可抽取文字但含水印，需人工核验后才能进入 score_segments。
2026,广东,历史,218,143,290275,144,290277,广东省教育考试院,https://eea.gd.gov.cn/ptgk/content/post_4916165.html,2026-06-25,pending_review,官方 PDF 可抽取文字但含水印，需人工核验后才能进入 score_segments。
2026,广东,历史,217,126,290401,127,290404,广东省教育考试院,https://eea.gd.gov.cn/ptgk/content/post_4916165.html,2026-06-25,pending_review,官方 PDF 可抽取文字但含水印，需人工核验后才能进入 score_segments。
2026,广东,历史,216,131,290532,130,290534,广东省教育考试院,https://eea.gd.gov.cn/ptgk/content/post_4916165.html,2026-06-25,pending_review,官方 PDF 可抽取文字但含水印，需人工核验后才能进入 score_segments。
2026,广东,历史,215,124,290656,124,290658,广东省教育考试院,https://eea.gd.gov.cn/ptgk/content/post_4916165.html,2026-06-25,pending_review,官方 PDF 可抽取文字但含水印，需人工核验后才能进入 score_segments。
2026,广东,历史,214,112,290768,112,290770,广东省教育考试院,https://eea.gd.gov.cn/ptgk/content/post_4916165.html,2026-06-25,pending_review,官方 PDF 可抽取文字但含水印，需人工核验后才能进入 score_segments。
2026,广东,历史,213,102,290870,101,290871,广东省教育考试院,https://eea.gd.gov.cn/ptgk/content/post_4916165.html,2026-06-25,pending_review,官方 PDF 可抽取文字但含水印，需人工核验后才能进入 score_segments。
2026,广东,历史,212,107,290977,106,290977,广东省教育考试院,https://eea.gd.gov.cn/ptgk/content/post_4916165.html,2026-06-25,pending_review,官方 PDF 可抽取文字但含水印，需人工核验后才能进入 score_segments。
2026,广东,历史,211,105,291082,106,291083,广东省教育考试院,https://eea.gd.gov.cn/ptgk/content/post_4916165.html,2026-06-25,pending_review,官方 PDF 可抽取文字但含水印，需人工核验后才能进入 score_segments。
2026,广东,历史,210,104,291186,104,291187,广东省教育考试院,https://eea.gd.gov.cn/ptgk/content/post_4916165.html,2026-06-25,pending_review,官方 PDF 可抽取文字但含水印，需人工核验后才能进入 score_segments。
2026,广东,历史,209,111,291297,111,291298,广东省教育考试院,https://eea.gd.gov.cn/ptgk/content/post_4916165.html,2026-06-25,pending_review,官方 PDF 可抽取文字但含水印，需人工核验后才能进入 score_segments。
2026,广东,历史,208,81,291378,81,291379,广东省教育考试院,https://eea.gd.gov.cn/ptgk/content/post_4916165.html,2026-06-25,pending_review,官方 PDF 可抽取文字但含水印，需人工核验后才能进入 score_segments。
2026,广东,历史,207,100,291478,100,291479,广东省教育考试院,https://eea.gd.gov.cn/ptgk/content/post_4916165.html,2026-06-25,pending_review,官方 PDF 可抽取文字但含水印，需人工核验后才能进入 score_segments。
2026,广东,历史,206,68,291546,67,291546,广东省教育考试院,https://eea.gd.gov.cn/ptgk/content/post_4916165.html,2026-06-25,pending_review,官方 PDF 可抽取文字但含水印，需人工核验后才能进入 score_segments。
2026,广东,历史,205,103,291649,103,291649,广东省教育考试院,https://eea.gd.gov.cn/ptgk/content/post_4916165.html,2026-06-25,pending_review,官方 PDF 可抽取文字但含水印，需人工核验后才能进入 score_segments。
2026,广东,历史,204,76,291725,76,291725,广东省教育考试院,https://eea.gd.gov.cn/ptgk/content/post_4916165.html,2026-06-25,pending_review,官方 PDF 可抽取文字但含水印，需人工核验后才能进入 score_segments。
2026,广东,历史,203,92,291817,92,291817,广东省教育考试院,https://eea.gd.gov.cn/ptgk/content/post_4916165.html,2026-06-25,pending_review,官方 PDF 可抽取文字但含水印，需人工核验后才能进入 score_segments。
2026,广东,历史,202,87,291904,87,291904,广东省教育考试院,https://eea.gd.gov.cn/ptgk/content/post_4916165.html,2026-06-25,pending_review,官方 PDF 可抽取文字但含水印，需人工核验后才能进入 score_segments。
2026,广东,历史,201,70,291974,70,291974,广东省教育考试院,https://eea.gd.gov.cn/ptgk/content/post_4916165.html,2026-06-25,pending_review,官方 PDF 可抽取文字但含水印，需人工核验后才能进入 score_segments。
2026,广东,历史,200,74,292048,74,292048,广东省教育考试院,https://eea.gd.gov.cn/ptgk/content/post_4916165.html,2026-06-25,pending_review,官方 PDF 可抽取文字但含水印，需人工核验后才能进入 score_segments。
2026,广东,历史,199,69,292117,69,292117,广东省教育考试院,https://eea.gd.gov.cn/ptgk/content/post_4916165.html,2026-06-25,pending_review,官方 PDF 可抽取文字但含水印，需人工核验后才能进入 score_segments。
2026,广东,历史,198,78,292195,78,292195,广东省教育考试院,https://eea.gd.gov.cn/ptgk/content/post_4916165.html,2026-06-25,pending_review,官方 PDF 可抽取文字但含水印，需人工核验后才能进入 score_segments。
2026,广东,历史,197,62,292257,62,292257,广东省教育考试院,https://eea.gd.gov.cn/ptgk/content/post_4916165.html,2026-06-25,pending_review,官方 PDF 可抽取文字但含水印，需人工核验后才能进入 score_segments。
2026,广东,历史,196,63,292320,63,292320,广东省教育考试院,https://eea.gd.gov.cn/ptgk/content/post_4916165.html,2026-06-25,pending_review,官方 PDF 可抽取文字但含水印，需人工核验后才能进入 score_segments。
2026,广东,历史,195,58,292378,58,292378,广东省教育考试院,https://eea.gd.gov.cn/ptgk/content/post_4916165.html,2026-06-25,pending_review,官方 PDF 可抽取文字但含水印，需人工核验后才能进入 score_segments。
2026,广东,历史,194,52,292430,52,292430,广东省教育考试院,https://eea.gd.gov.cn/ptgk/content/post_4916165.html,2026-06-25,pending_review,官方 PDF 可抽取文字但含水印，需人工核验后才能进入 score_segments。
2026,广东,历史,193,65,292495,65,292495,广东省教育考试院,https://eea.gd.gov.cn/ptgk/content/post_4916165.html,2026-06-25,pending_review,官方 PDF 可抽取文字但含水印，需人工核验后才能进入 score_segments。
2026,广东,历史,192,65,292560,65,292560,广东省教育考试院,https://eea.gd.gov.cn/ptgk/content/post_4916165.html,2026-06-25,pending_review,官方 PDF 可抽取文字但含水印，需人工核验后才能进入 score_segments。
2026,广东,历史,191,62,292622,62,292622,广东省教育考试院,https://eea.gd.gov.cn/ptgk/content/post_4916165.html,2026-06-25,pending_review,官方 PDF 可抽取文字但含水印，需人工核验后才能进入 score_segments。
2026,广东,历史,190,59,292681,59,292681,广东省教育考试院,https://eea.gd.gov.cn/ptgk/content/post_4916165.html,2026-06-25,pending_review,官方 PDF 可抽取文字但含水印，需人工核验后才能进入 score_segments。
2026,广东,历史,189,62,292743,62,292743,广东省教育考试院,https://eea.gd.gov.cn/ptgk/content/post_4916165.html,2026-06-25,pending_review,官方 PDF 可抽取文字但含水印，需人工核验后才能进入 score_segments。
2026,广东,历史,188,54,292797,54,292797,广东省教育考试院,https://eea.gd.gov.cn/ptgk/content/post_4916165.html,2026-06-25,pending_review,官方 PDF 可抽取文字但含水印，需人工核验后才能进入 score_segments。
2026,广东,历史,187,47,292844,47,292844,广东省教育考试院,https://eea.gd.gov.cn/ptgk/content/post_4916165.html,2026-06-25,pending_review,官方 PDF 可抽取文字但含水印，需人工核验后才能进入 score_segments。
2026,广东,历史,186,50,292894,50,292894,广东省教育考试院,https://eea.gd.gov.cn/ptgk/content/post_4916165.html,2026-06-25,pending_review,官方 PDF 可抽取文字但含水印，需人工核验后才能进入 score_segments。
2026,广东,历史,185,49,292943,49,292943,广东省教育考试院,https://eea.gd.gov.cn/ptgk/content/post_4916165.html,2026-06-25,pending_review,官方 PDF 可抽取文字但含水印，需人工核验后才能进入 score_segments。
2026,广东,历史,184,53,292996,53,292996,广东省教育考试院,https://eea.gd.gov.cn/ptgk/content/post_4916165.html,2026-06-25,pending_review,官方 PDF 可抽取文字但含水印，需人工核验后才能进入 score_segments。
2026,广东,历史,183,42,293038,42,293038,广东省教育考试院,https://eea.gd.gov.cn/ptgk/content/post_4916165.html,2026-06-25,pending_review,官方 PDF 可抽取文字但含水印，需人工核验后才能进入 score_segments。
2026,广东,历史,182,59,293097,59,293097,广东省教育考试院,https://eea.gd.gov.cn/ptgk/content/post_4916165.html,2026-06-25,pending_review,官方 PDF 可抽取文字但含水印，需人工核验后才能进入 score_segments。
2026,广东,历史,181,38,293135,38,293135,广东省教育考试院,https://eea.gd.gov.cn/ptgk/content/post_4916165.html,2026-06-25,pending_review,官方 PDF 可抽取文字但含水印，需人工核验后才能进入 score_segments。
2026,广东,历史,180,62,293197,62,293197,广东省教育考试院,https://eea.gd.gov.cn/ptgk/content/post_4916165.html,2026-06-25,pending_review,官方 PDF 可抽取文字但含水印，需人工核验后才能进入 score_segments。
2026,广东,历史,179,55,293252,55,293252,广东省教育考试院,https://eea.gd.gov.cn/ptgk/content/post_4916165.html,2026-06-25,pending_review,官方 PDF 可抽取文字但含水印，需人工核验后才能进入 score_segments。
2026,广东,历史,178,50,293302,50,293302,广东省教育考试院,https://eea.gd.gov.cn/ptgk/content/post_4916165.html,2026-06-25,pending_review,官方 PDF 可抽取文字但含水印，需人工核验后才能进入 score_segments。
2026,广东,历史,177,43,293345,43,293345,广东省教育考试院,https://eea.gd.gov.cn/ptgk/content/post_4916165.html,2026-06-25,pending_review,官方 PDF 可抽取文字但含水印，需人工核验后才能进入 score_segments。
2026,广东,历史,176,46,293391,46,293391,广东省教育考试院,https://eea.gd.gov.cn/ptgk/content/post_4916165.html,2026-06-25,pending_review,官方 PDF 可抽取文字但含水印，需人工核验后才能进入 score_segments。
2026,广东,历史,175,37,293428,37,293428,广东省教育考试院,https://eea.gd.gov.cn/ptgk/content/post_4916165.html,2026-06-25,pending_review,官方 PDF 可抽取文字但含水印，需人工核验后才能进入 score_segments。
2026,广东,历史,174,57,293485,57,293485,广东省教育考试院,https://eea.gd.gov.cn/ptgk/content/post_4916165.html,2026-06-25,pending_review,官方 PDF 可抽取文字但含水印，需人工核验后才能进入 score_segments。
2026,广东,历史,173,48,293533,48,293533,广东省教育考试院,https://eea.gd.gov.cn/ptgk/content/post_4916165.html,2026-06-25,pending_review,官方 PDF 可抽取文字但含水印，需人工核验后才能进入 score_segments。
2026,广东,历史,172,31,293564,31,293564,广东省教育考试院,https://eea.gd.gov.cn/ptgk/content/post_4916165.html,2026-06-25,pending_review,官方 PDF 可抽取文字但含水印，需人工核验后才能进入 score_segments。
2026,广东,历史,171,44,293608,44,293608,广东省教育考试院,https://eea.gd.gov.cn/ptgk/content/post_4916165.html,2026-06-25,pending_review,官方 PDF 可抽取文字但含水印，需人工核验后才能进入 score_segments。
2026,广东,历史,170,32,293640,32,293640,广东省教育考试院,https://eea.gd.gov.cn/ptgk/content/post_4916165.html,2026-06-25,pending_review,官方 PDF 可抽取文字但含水印，需人工核验后才能进入 score_segments。
2026,广东,历史,169,32,293672,32,293672,广东省教育考试院,https://eea.gd.gov.cn/ptgk/content/post_4916165.html,2026-06-25,pending_review,官方 PDF 可抽取文字但含水印，需人工核验后才能进入 score_segments。
2026,广东,历史,168,31,293703,32,293704,广东省教育考试院,https://eea.gd.gov.cn/ptgk/content/post_4916165.html,2026-06-25,pending_review,官方 PDF 可抽取文字但含水印，需人工核验后才能进入 score_segments。
2026,广东,历史,167,26,293729,26,293730,广东省教育考试院,https://eea.gd.gov.cn/ptgk/content/post_4916165.html,2026-06-25,pending_review,官方 PDF 可抽取文字但含水印，需人工核验后才能进入 score_segments。
2026,广东,历史,166,39,293768,39,293769,广东省教育考试院,https://eea.gd.gov.cn/ptgk/content/post_4916165.html,2026-06-25,pending_review,官方 PDF 可抽取文字但含水印，需人工核验后才能进入 score_segments。
2026,广东,历史,165,52,293820,52,293821,广东省教育考试院,https://eea.gd.gov.cn/ptgk/content/post_4916165.html,2026-06-25,pending_review,官方 PDF 可抽取文字但含水印，需人工核验后才能进入 score_segments。
2026,广东,历史,164,28,293848,28,293849,广东省教育考试院,https://eea.gd.gov.cn/ptgk/content/post_4916165.html,2026-06-25,pending_review,官方 PDF 可抽取文字但含水印，需人工核验后才能进入 score_segments。
2026,广东,历史,163,37,293885,36,293885,广东省教育考试院,https://eea.gd.gov.cn/ptgk/content/post_4916165.html,2026-06-25,pending_review,官方 PDF 可抽取文字但含水印，需人工核验后才能进入 score_segments。
2026,广东,历史,162,32,293917,32,293917,广东省教育考试院,https://eea.gd.gov.cn/ptgk/content/post_4916165.html,2026-06-25,pending_review,官方 PDF 可抽取文字但含水印，需人工核验后才能进入 score_segments。
2026,广东,历史,161,29,293946,29,293946,广东省教育考试院,https://eea.gd.gov.cn/ptgk/content/post_4916165.html,2026-06-25,pending_review,官方 PDF 可抽取文字但含水印，需人工核验后才能进入 score_segments。
2026,广东,历史,160,25,293971,25,293971,广东省教育考试院,https://eea.gd.gov.cn/ptgk/content/post_4916165.html,2026-06-25,pending_review,官方 PDF 可抽取文字但含水印，需人工核验后才能进入 score_segments。
2026,广东,历史,159,34,294005,34,294005,广东省教育考试院,https://eea.gd.gov.cn/ptgk/content/post_4916165.html,2026-06-25,pending_review,官方 PDF 可抽取文字但含水印，需人工核验后才能进入 score_segments。
2026,广东,历史,158,41,294046,41,294046,广东省教育考试院,https://eea.gd.gov.cn/ptgk/content/post_4916165.html,2026-06-25,pending_review,官方 PDF 可抽取文字但含水印，需人工核验后才能进入 score_segments。
2026,广东,历史,157,30,294076,30,294076,广东省教育考试院,https://eea.gd.gov.cn/ptgk/content/post_4916165.html,2026-06-25,pending_review,官方 PDF 可抽取文字但含水印，需人工核验后才能进入 score_segments。
2026,广东,历史,156,37,294113,37,294113,广东省教育考试院,https://eea.gd.gov.cn/ptgk/content/post_4916165.html,2026-06-25,pending_review,官方 PDF 可抽取文字但含水印，需人工核验后才能进入 score_segments。
2026,广东,历史,155,33,294146,33,294146,广东省教育考试院,https://eea.gd.gov.cn/ptgk/content/post_4916165.html,2026-06-25,pending_review,官方 PDF 可抽取文字但含水印，需人工核验后才能进入 score_segments。
2026,广东,历史,154,23,294169,23,294169,广东省教育考试院,https://eea.gd.gov.cn/ptgk/content/post_4916165.html,2026-06-25,pending_review,官方 PDF 可抽取文字但含水印，需人工核验后才能进入 score_segments。
2026,广东,历史,153,35,294204,35,294204,广东省教育考试院,https://eea.gd.gov.cn/ptgk/content/post_4916165.html,2026-06-25,pending_review,官方 PDF 可抽取文字但含水印，需人工核验后才能进入 score_segments。
2026,广东,历史,152,32,294236,32,294236,广东省教育考试院,https://eea.gd.gov.cn/ptgk/content/post_4916165.html,2026-06-25,pending_review,官方 PDF 可抽取文字但含水印，需人工核验后才能进入 score_segments。
2026,广东,历史,151,30,294266,30,294266,广东省教育考试院,https://eea.gd.gov.cn/ptgk/content/post_4916165.html,2026-06-25,pending_review,官方 PDF 可抽取文字但含水印，需人工核验后才能进入 score_segments。
2026,广东,历史,150,21,294287,21,294287,广东省教育考试院,https://eea.gd.gov.cn/ptgk/content/post_4916165.html,2026-06-25,pending_review,官方 PDF 可抽取文字但含水印，需人工核验后才能进入 score_segments。
2026,广东,历史,149,25,294312,25,294312,广东省教育考试院,https://eea.gd.gov.cn/ptgk/content/post_4916165.html,2026-06-25,pending_review,官方 PDF 可抽取文字但含水印，需人工核验后才能进入 score_segments。
2026,广东,历史,148,19,294331,19,294331,广东省教育考试院,https://eea.gd.gov.cn/ptgk/content/post_4916165.html,2026-06-25,pending_review,官方 PDF 可抽取文字但含水印，需人工核验后才能进入 score_segments。
2026,广东,历史,147,27,294358,27,294358,广东省教育考试院,https://eea.gd.gov.cn/ptgk/content/post_4916165.html,2026-06-25,pending_review,官方 PDF 可抽取文字但含水印，需人工核验后才能进入 score_segments。
2026,广东,历史,146,32,294390,32,294390,广东省教育考试院,https://eea.gd.gov.cn/ptgk/content/post_4916165.html,2026-06-25,pending_review,官方 PDF 可抽取文字但含水印，需人工核验后才能进入 score_segments。
2026,广东,历史,145,18,294408,18,294408,广东省教育考试院,https://eea.gd.gov.cn/ptgk/content/post_4916165.html,2026-06-25,pending_review,官方 PDF 可抽取文字但含水印，需人工核验后才能进入 score_segments。
2026,广东,历史,144,18,294426,18,294426,广东省教育考试院,https://eea.gd.gov.cn/ptgk/content/post_4916165.html,2026-06-25,pending_review,官方 PDF 可抽取文字但含水印，需人工核验后才能进入 score_segments。
2026,广东,历史,143,11,294437,11,294437,广东省教育考试院,https://eea.gd.gov.cn/ptgk/content/post_4916165.html,2026-06-25,pending_review,官方 PDF 可抽取文字但含水印，需人工核验后才能进入 score_segments。
2026,广东,历史,142,9,294446,9,294446,广东省教育考试院,https://eea.gd.gov.cn/ptgk/content/post_4916165.html,2026-06-25,pending_review,官方 PDF 可抽取文字但含水印，需人工核验后才能进入 score_segments。
2026,广东,历史,141,15,294461,15,294461,广东省教育考试院,https://eea.gd.gov.cn/ptgk/content/post_4916165.html,2026-06-25,pending_review,官方 PDF 可抽取文字但含水印，需人工核验后才能进入 score_segments。
2026,广东,历史,140,26,294487,26,294487,广东省教育考试院,https://eea.gd.gov.cn/ptgk/content/post_4916165.html,2026-06-25,pending_review,官方 PDF 可抽取文字但含水印，需人工核验后才能进入 score_segments。
2026,广东,历史,139,17,294504,17,294504,广东省教育考试院,https://eea.gd.gov.cn/ptgk/content/post_4916165.html,2026-06-25,pending_review,官方 PDF 可抽取文字但含水印，需人工核验后才能进入 score_segments。
2026,广东,历史,138,7,294511,7,294511,广东省教育考试院,https://eea.gd.gov.cn/ptgk/content/post_4916165.html,2026-06-25,pending_review,官方 PDF 可抽取文字但含水印，需人工核验后才能进入 score_segments。
2026,广东,历史,137,6,294517,6,294517,广东省教育考试院,https://eea.gd.gov.cn/ptgk/content/post_4916165.html,2026-06-25,pending_review,官方 PDF 可抽取文字但含水印，需人工核验后才能进入 score_segments。
2026,广东,历史,136,15,294532,15,294532,广东省教育考试院,https://eea.gd.gov.cn/ptgk/content/post_4916165.html,2026-06-25,pending_review,官方 PDF 可抽取文字但含水印，需人工核验后才能进入 score_segments。
2026,广东,历史,135,15,294547,15,294547,广东省教育考试院,https://eea.gd.gov.cn/ptgk/content/post_4916165.html,2026-06-25,pending_review,官方 PDF 可抽取文字但含水印，需人工核验后才能进入 score_segments。
2026,广东,历史,134,15,294562,15,294562,广东省教育考试院,https://eea.gd.gov.cn/ptgk/content/post_4916165.html,2026-06-25,pending_review,官方 PDF 可抽取文字但含水印，需人工核验后才能进入 score_segments。
2026,广东,历史,133,7,294569,7,294569,广东省教育考试院,https://eea.gd.gov.cn/ptgk/content/post_4916165.html,2026-06-25,pending_review,官方 PDF 可抽取文字但含水印，需人工核验后才能进入 score_segments。
2026,广东,历史,132,12,294581,12,294581,广东省教育考试院,https://eea.gd.gov.cn/ptgk/content/post_4916165.html,2026-06-25,pending_review,官方 PDF 可抽取文字但含水印，需人工核验后才能进入 score_segments。
2026,广东,历史,131,13,294594,13,294594,广东省教育考试院,https://eea.gd.gov.cn/ptgk/content/post_4916165.html,2026-06-25,pending_review,官方 PDF 可抽取文字但含水印，需人工核验后才能进入 score_segments。
2026,广东,历史,130,12,294606,12,294606,广东省教育考试院,https://eea.gd.gov.cn/ptgk/content/post_4916165.html,2026-06-25,pending_review,官方 PDF 可抽取文字但含水印，需人工核验后才能进入 score_segments。
2026,广东,历史,129,13,294619,13,294619,广东省教育考试院,https://eea.gd.gov.cn/ptgk/content/post_4916165.html,2026-06-25,pending_review,官方 PDF 可抽取文字但含水印，需人工核验后才能进入 score_segments。
2026,广东,历史,128,7,294626,7,294626,广东省教育考试院,https://eea.gd.gov.cn/ptgk/content/post_4916165.html,2026-06-25,pending_review,官方 PDF 可抽取文字但含水印，需人工核验后才能进入 score_segments。
2026,广东,历史,127,8,294634,8,294634,广东省教育考试院,https://eea.gd.gov.cn/ptgk/content/post_4916165.html,2026-06-25,pending_review,官方 PDF 可抽取文字但含水印，需人工核验后才能进入 score_segments。
2026,广东,历史,126,7,294641,7,294641,广东省教育考试院,https://eea.gd.gov.cn/ptgk/content/post_4916165.html,2026-06-25,pending_review,官方 PDF 可抽取文字但含水印，需人工核验后才能进入 score_segments。
2026,广东,历史,125,11,294652,11,294652,广东省教育考试院,https://eea.gd.gov.cn/ptgk/content/post_4916165.html,2026-06-25,pending_review,官方 PDF 可抽取文字但含水印，需人工核验后才能进入 score_segments。
2026,广东,历史,124,6,294658,6,294658,广东省教育考试院,https://eea.gd.gov.cn/ptgk/content/post_4916165.html,2026-06-25,pending_review,官方 PDF 可抽取文字但含水印，需人工核验后才能进入 score_segments。
2026,广东,历史,123,12,294670,12,294670,广东省教育考试院,https://eea.gd.gov.cn/ptgk/content/post_4916165.html,2026-06-25,pending_review,官方 PDF 可抽取文字但含水印，需人工核验后才能进入 score_segments。
2026,广东,历史,122,14,294684,14,294684,广东省教育考试院,https://eea.gd.gov.cn/ptgk/content/post_4916165.html,2026-06-25,pending_review,官方 PDF 可抽取文字但含水印，需人工核验后才能进入 score_segments。
2026,广东,历史,121,11,294695,11,294695,广东省教育考试院,https://eea.gd.gov.cn/ptgk/content/post_4916165.html,2026-06-25,pending_review,官方 PDF 可抽取文字但含水印，需人工核验后才能进入 score_segments。
2026,广东,历史,120,7,294702,7,294702,广东省教育考试院,https://eea.gd.gov.cn/ptgk/content/post_4916165.html,2026-06-25,pending_review,官方 PDF 可抽取文字但含水印，需人工核验后才能进入 score_segments。
2026,广东,历史,119,4,294706,4,294706,广东省教育考试院,https://eea.gd.gov.cn/ptgk/content/post_4916165.html,2026-06-25,pending_review,官方 PDF 可抽取文字但含水印，需人工核验后才能进入 score_segments。
2026,广东,历史,118,9,294715,9,294715,广东省教育考试院,https://eea.gd.gov.cn/ptgk/content/post_4916165.html,2026-06-25,pending_review,官方 PDF 可抽取文字但含水印，需人工核验后才能进入 score_segments。
2026,广东,历史,117,9,294724,9,294724,广东省教育考试院,https://eea.gd.gov.cn/ptgk/content/post_4916165.html,2026-06-25,pending_review,官方 PDF 可抽取文字但含水印，需人工核验后才能进入 score_segments。
2026,广东,历史,116,12,294736,12,294736,广东省教育考试院,https://eea.gd.gov.cn/ptgk/content/post_4916165.html,2026-06-25,pending_review,官方 PDF 可抽取文字但含水印，需人工核验后才能进入 score_segments。
2026,广东,历史,115,8,294744,8,294744,广东省教育考试院,https://eea.gd.gov.cn/ptgk/content/post_4916165.html,2026-06-25,pending_review,官方 PDF 可抽取文字但含水印，需人工核验后才能进入 score_segments。
2026,广东,历史,114,12,294756,12,294756,广东省教育考试院,https://eea.gd.gov.cn/ptgk/content/post_4916165.html,2026-06-25,pending_review,官方 PDF 可抽取文字但含水印，需人工核验后才能进入 score_segments。
2026,广东,历史,113,7,294763,7,294763,广东省教育考试院,https://eea.gd.gov.cn/ptgk/content/post_4916165.html,2026-06-25,pending_review,官方 PDF 可抽取文字但含水印，需人工核验后才能进入 score_segments。
2026,广东,历史,112,11,294774,11,294774,广东省教育考试院,https://eea.gd.gov.cn/ptgk/content/post_4916165.html,2026-06-25,pending_review,官方 PDF 可抽取文字但含水印，需人工核验后才能进入 score_segments。
2026,广东,历史,111,9,294783,9,294783,广东省教育考试院,https://eea.gd.gov.cn/ptgk/content/post_4916165.html,2026-06-25,pending_review,官方 PDF 可抽取文字但含水印，需人工核验后才能进入 score_segments。
2026,广东,历史,110,11,294794,11,294794,广东省教育考试院,https://eea.gd.gov.cn/ptgk/content/post_4916165.html,2026-06-25,pending_review,官方 PDF 可抽取文字但含水印，需人工核验后才能进入 score_segments。
2026,广东,历史,109,7,294801,7,294801,广东省教育考试院,https://eea.gd.gov.cn/ptgk/content/post_4916165.html,2026-06-25,pending_review,官方 PDF 可抽取文字但含水印，需人工核验后才能进入 score_segments。
2026,广东,历史,108,4,294805,4,294805,广东省教育考试院,https://eea.gd.gov.cn/ptgk/content/post_4916165.html,2026-06-25,pending_review,官方 PDF 可抽取文字但含水印，需人工核验后才能进入 score_segments。
2026,广东,历史,107,13,294818,13,294818,广东省教育考试院,https://eea.gd.gov.cn/ptgk/content/post_4916165.html,2026-06-25,pending_review,官方 PDF 可抽取文字但含水印，需人工核验后才能进入 score_segments。
2026,广东,历史,106,15,294833,15,294833,广东省教育考试院,https://eea.gd.gov.cn/ptgk/content/post_4916165.html,2026-06-25,pending_review,官方 PDF 可抽取文字但含水印，需人工核验后才能进入 score_segments。
2026,广东,历史,105,9,294842,9,294842,广东省教育考试院,https://eea.gd.gov.cn/ptgk/content/post_4916165.html,2026-06-25,pending_review,官方 PDF 可抽取文字但含水印，需人工核验后才能进入 score_segments。
2026,广东,历史,104,6,294848,6,294848,广东省教育考试院,https://eea.gd.gov.cn/ptgk/content/post_4916165.html,2026-06-25,pending_review,官方 PDF 可抽取文字但含水印，需人工核验后才能进入 score_segments。
2026,广东,历史,103,5,294853,5,294853,广东省教育考试院,https://eea.gd.gov.cn/ptgk/content/post_4916165.html,2026-06-25,pending_review,官方 PDF 可抽取文字但含水印，需人工核验后才能进入 score_segments。
2026,广东,历史,102,8,294861,8,294861,广东省教育考试院,https://eea.gd.gov.cn/ptgk/content/post_4916165.html,2026-06-25,pending_review,官方 PDF 可抽取文字但含水印，需人工核验后才能进入 score_segments。
2026,广东,历史,101,9,294870,9,294870,广东省教育考试院,https://eea.gd.gov.cn/ptgk/content/post_4916165.html,2026-06-25,pending_review,官方 PDF 可抽取文字但含水印，需人工核验后才能进入 score_segments。
2026,广东,历史,100,8,294878,8,294878,广东省教育考试院,https://eea.gd.gov.cn/ptgk/content/post_4916165.html,2026-06-25,pending_review,官方 PDF 可抽取文字但含水印，需人工核验后才能进入 score_segments。
