subject_type,page,source_url,raw_file_path,status,notes
历史类,1,https://plan.sceea.cn/img/ls/tu/ls%20(1).png,data/raw/provinces/sichuan/2026-admission-plans/history/ls_001.png,pending_review,2026 在川招生专业及名额官方图片页，非结构化表格，未导入 admission_plans。
历史类,2,https://plan.sceea.cn/img/ls/tu/ls%20(2).png,data/raw/provinces/sichuan/2026-admission-plans/history/ls_002.png,pending_review,2026 在川招生专业及名额官方图片页，非结构化表格，未导入 admission_plans。
历史类,3,https://plan.sceea.cn/img/ls/tu/ls%20(3).png,data/raw/provinces/sichuan/2026-admission-plans/history/ls_003.png,pending_review,2026 在川招生专业及名额官方图片页，非结构化表格，未导入 admission_plans。
历史类,4,https://plan.sceea.cn/img/ls/tu/ls%20(4).png,data/raw/provinces/sichuan/2026-admission-plans/history/ls_004.png,pending_review,2026 在川招生专业及名额官方图片页，非结构化表格，未导入 admission_plans。
历史类,5,https://plan.sceea.cn/img/ls/tu/ls%20(5).png,data/raw/provinces/sichuan/2026-admission-plans/history/ls_005.png,pending_review,2026 在川招生专业及名额官方图片页，非结构化表格，未导入 admission_plans。
历史类,6,https://plan.sceea.cn/img/ls/tu/ls%20(6).png,data/raw/provinces/sichuan/2026-admission-plans/history/ls_006.png,pending_review,2026 在川招生专业及名额官方图片页，非结构化表格，未导入 admission_plans。
历史类,7,https://plan.sceea.cn/img/ls/tu/ls%20(7).png,data/raw/provinces/sichuan/2026-admission-plans/history/ls_007.png,pending_review,2026 在川招生专业及名额官方图片页，非结构化表格，未导入 admission_plans。
历史类,8,https://plan.sceea.cn/img/ls/tu/ls%20(8).png,data/raw/provinces/sichuan/2026-admission-plans/history/ls_008.png,pending_review,2026 在川招生专业及名额官方图片页，非结构化表格，未导入 admission_plans。
历史类,9,https://plan.sceea.cn/img/ls/tu/ls%20(9).png,data/raw/provinces/sichuan/2026-admission-plans/history/ls_009.png,pending_review,2026 在川招生专业及名额官方图片页，非结构化表格，未导入 admission_plans。
历史类,10,https://plan.sceea.cn/img/ls/tu/ls%20(10).png,data/raw/provinces/sichuan/2026-admission-plans/history/ls_010.png,pending_review,2026 在川招生专业及名额官方图片页，非结构化表格，未导入 admission_plans。
历史类,11,https://plan.sceea.cn/img/ls/tu/ls%20(11).png,data/raw/provinces/sichuan/2026-admission-plans/history/ls_011.png,pending_review,2026 在川招生专业及名额官方图片页，非结构化表格，未导入 admission_plans。
历史类,12,https://plan.sceea.cn/img/ls/tu/ls%20(12).png,data/raw/provinces/sichuan/2026-admission-plans/history/ls_012.png,pending_review,2026 在川招生专业及名额官方图片页，非结构化表格，未导入 admission_plans。
历史类,13,https://plan.sceea.cn/img/ls/tu/ls%20(13).png,data/raw/provinces/sichuan/2026-admission-plans/history/ls_013.png,pending_review,2026 在川招生专业及名额官方图片页，非结构化表格，未导入 admission_plans。
历史类,14,https://plan.sceea.cn/img/ls/tu/ls%20(14).png,data/raw/provinces/sichuan/2026-admission-plans/history/ls_014.png,pending_review,2026 在川招生专业及名额官方图片页，非结构化表格，未导入 admission_plans。
历史类,15,https://plan.sceea.cn/img/ls/tu/ls%20(15).png,data/raw/provinces/sichuan/2026-admission-plans/history/ls_015.png,pending_review,2026 在川招生专业及名额官方图片页，非结构化表格，未导入 admission_plans。
历史类,16,https://plan.sceea.cn/img/ls/tu/ls%20(16).png,data/raw/provinces/sichuan/2026-admission-plans/history/ls_016.png,pending_review,2026 在川招生专业及名额官方图片页，非结构化表格，未导入 admission_plans。
历史类,17,https://plan.sceea.cn/img/ls/tu/ls%20(17).png,data/raw/provinces/sichuan/2026-admission-plans/history/ls_017.png,pending_review,2026 在川招生专业及名额官方图片页，非结构化表格，未导入 admission_plans。
历史类,18,https://plan.sceea.cn/img/ls/tu/ls%20(18).png,data/raw/provinces/sichuan/2026-admission-plans/history/ls_018.png,pending_review,2026 在川招生专业及名额官方图片页，非结构化表格，未导入 admission_plans。
历史类,19,https://plan.sceea.cn/img/ls/tu/ls%20(19).png,data/raw/provinces/sichuan/2026-admission-plans/history/ls_019.png,pending_review,2026 在川招生专业及名额官方图片页，非结构化表格，未导入 admission_plans。
历史类,20,https://plan.sceea.cn/img/ls/tu/ls%20(20).png,data/raw/provinces/sichuan/2026-admission-plans/history/ls_020.png,pending_review,2026 在川招生专业及名额官方图片页，非结构化表格，未导入 admission_plans。
历史类,21,https://plan.sceea.cn/img/ls/tu/ls%20(21).png,data/raw/provinces/sichuan/2026-admission-plans/history/ls_021.png,pending_review,2026 在川招生专业及名额官方图片页，非结构化表格，未导入 admission_plans。
历史类,22,https://plan.sceea.cn/img/ls/tu/ls%20(22).png,data/raw/provinces/sichuan/2026-admission-plans/history/ls_022.png,pending_review,2026 在川招生专业及名额官方图片页，非结构化表格，未导入 admission_plans。
历史类,23,https://plan.sceea.cn/img/ls/tu/ls%20(23).png,data/raw/provinces/sichuan/2026-admission-plans/history/ls_023.png,pending_review,2026 在川招生专业及名额官方图片页，非结构化表格，未导入 admission_plans。
历史类,24,https://plan.sceea.cn/img/ls/tu/ls%20(24).png,data/raw/provinces/sichuan/2026-admission-plans/history/ls_024.png,pending_review,2026 在川招生专业及名额官方图片页，非结构化表格，未导入 admission_plans。
历史类,25,https://plan.sceea.cn/img/ls/tu/ls%20(25).png,data/raw/provinces/sichuan/2026-admission-plans/history/ls_025.png,pending_review,2026 在川招生专业及名额官方图片页，非结构化表格，未导入 admission_plans。
历史类,26,https://plan.sceea.cn/img/ls/tu/ls%20(26).png,data/raw/provinces/sichuan/2026-admission-plans/history/ls_026.png,pending_review,2026 在川招生专业及名额官方图片页，非结构化表格，未导入 admission_plans。
历史类,27,https://plan.sceea.cn/img/ls/tu/ls%20(27).png,data/raw/provinces/sichuan/2026-admission-plans/history/ls_027.png,pending_review,2026 在川招生专业及名额官方图片页，非结构化表格，未导入 admission_plans。
历史类,28,https://plan.sceea.cn/img/ls/tu/ls%20(28).png,data/raw/provinces/sichuan/2026-admission-plans/history/ls_028.png,pending_review,2026 在川招生专业及名额官方图片页，非结构化表格，未导入 admission_plans。
历史类,29,https://plan.sceea.cn/img/ls/tu/ls%20(29).png,data/raw/provinces/sichuan/2026-admission-plans/history/ls_029.png,pending_review,2026 在川招生专业及名额官方图片页，非结构化表格，未导入 admission_plans。
历史类,30,https://plan.sceea.cn/img/ls/tu/ls%20(30).png,data/raw/provinces/sichuan/2026-admission-plans/history/ls_030.png,pending_review,2026 在川招生专业及名额官方图片页，非结构化表格，未导入 admission_plans。
历史类,31,https://plan.sceea.cn/img/ls/tu/ls%20(31).png,data/raw/provinces/sichuan/2026-admission-plans/history/ls_031.png,pending_review,2026 在川招生专业及名额官方图片页，非结构化表格，未导入 admission_plans。
历史类,32,https://plan.sceea.cn/img/ls/tu/ls%20(32).png,data/raw/provinces/sichuan/2026-admission-plans/history/ls_032.png,pending_review,2026 在川招生专业及名额官方图片页，非结构化表格，未导入 admission_plans。
历史类,33,https://plan.sceea.cn/img/ls/tu/ls%20(33).png,data/raw/provinces/sichuan/2026-admission-plans/history/ls_033.png,pending_review,2026 在川招生专业及名额官方图片页，非结构化表格，未导入 admission_plans。
历史类,34,https://plan.sceea.cn/img/ls/tu/ls%20(34).png,data/raw/provinces/sichuan/2026-admission-plans/history/ls_034.png,pending_review,2026 在川招生专业及名额官方图片页，非结构化表格，未导入 admission_plans。
历史类,35,https://plan.sceea.cn/img/ls/tu/ls%20(35).png,data/raw/provinces/sichuan/2026-admission-plans/history/ls_035.png,pending_review,2026 在川招生专业及名额官方图片页，非结构化表格，未导入 admission_plans。
历史类,36,https://plan.sceea.cn/img/ls/tu/ls%20(36).png,data/raw/provinces/sichuan/2026-admission-plans/history/ls_036.png,pending_review,2026 在川招生专业及名额官方图片页，非结构化表格，未导入 admission_plans。
历史类,37,https://plan.sceea.cn/img/ls/tu/ls%20(37).png,data/raw/provinces/sichuan/2026-admission-plans/history/ls_037.png,pending_review,2026 在川招生专业及名额官方图片页，非结构化表格，未导入 admission_plans。
历史类,38,https://plan.sceea.cn/img/ls/tu/ls%20(38).png,data/raw/provinces/sichuan/2026-admission-plans/history/ls_038.png,pending_review,2026 在川招生专业及名额官方图片页，非结构化表格，未导入 admission_plans。
历史类,39,https://plan.sceea.cn/img/ls/tu/ls%20(39).png,data/raw/provinces/sichuan/2026-admission-plans/history/ls_039.png,pending_review,2026 在川招生专业及名额官方图片页，非结构化表格，未导入 admission_plans。
历史类,40,https://plan.sceea.cn/img/ls/tu/ls%20(40).png,data/raw/provinces/sichuan/2026-admission-plans/history/ls_040.png,pending_review,2026 在川招生专业及名额官方图片页，非结构化表格，未导入 admission_plans。
历史类,41,https://plan.sceea.cn/img/ls/tu/ls%20(41).png,data/raw/provinces/sichuan/2026-admission-plans/history/ls_041.png,pending_review,2026 在川招生专业及名额官方图片页，非结构化表格，未导入 admission_plans。
历史类,42,https://plan.sceea.cn/img/ls/tu/ls%20(42).png,data/raw/provinces/sichuan/2026-admission-plans/history/ls_042.png,pending_review,2026 在川招生专业及名额官方图片页，非结构化表格，未导入 admission_plans。
历史类,43,https://plan.sceea.cn/img/ls/tu/ls%20(43).png,data/raw/provinces/sichuan/2026-admission-plans/history/ls_043.png,pending_review,2026 在川招生专业及名额官方图片页，非结构化表格，未导入 admission_plans。
历史类,44,https://plan.sceea.cn/img/ls/tu/ls%20(44).png,data/raw/provinces/sichuan/2026-admission-plans/history/ls_044.png,pending_review,2026 在川招生专业及名额官方图片页，非结构化表格，未导入 admission_plans。
历史类,45,https://plan.sceea.cn/img/ls/tu/ls%20(45).png,data/raw/provinces/sichuan/2026-admission-plans/history/ls_045.png,pending_review,2026 在川招生专业及名额官方图片页，非结构化表格，未导入 admission_plans。
历史类,46,https://plan.sceea.cn/img/ls/tu/ls%20(46).png,data/raw/provinces/sichuan/2026-admission-plans/history/ls_046.png,pending_review,2026 在川招生专业及名额官方图片页，非结构化表格，未导入 admission_plans。
历史类,47,https://plan.sceea.cn/img/ls/tu/ls%20(47).png,data/raw/provinces/sichuan/2026-admission-plans/history/ls_047.png,pending_review,2026 在川招生专业及名额官方图片页，非结构化表格，未导入 admission_plans。
历史类,48,https://plan.sceea.cn/img/ls/tu/ls%20(48).png,data/raw/provinces/sichuan/2026-admission-plans/history/ls_048.png,pending_review,2026 在川招生专业及名额官方图片页，非结构化表格，未导入 admission_plans。
历史类,49,https://plan.sceea.cn/img/ls/tu/ls%20(49).png,data/raw/provinces/sichuan/2026-admission-plans/history/ls_049.png,pending_review,2026 在川招生专业及名额官方图片页，非结构化表格，未导入 admission_plans。
历史类,50,https://plan.sceea.cn/img/ls/tu/ls%20(50).png,data/raw/provinces/sichuan/2026-admission-plans/history/ls_050.png,pending_review,2026 在川招生专业及名额官方图片页，非结构化表格，未导入 admission_plans。
历史类,51,https://plan.sceea.cn/img/ls/tu/ls%20(51).png,data/raw/provinces/sichuan/2026-admission-plans/history/ls_051.png,pending_review,2026 在川招生专业及名额官方图片页，非结构化表格，未导入 admission_plans。
历史类,52,https://plan.sceea.cn/img/ls/tu/ls%20(52).png,data/raw/provinces/sichuan/2026-admission-plans/history/ls_052.png,pending_review,2026 在川招生专业及名额官方图片页，非结构化表格，未导入 admission_plans。
历史类,53,https://plan.sceea.cn/img/ls/tu/ls%20(53).png,data/raw/provinces/sichuan/2026-admission-plans/history/ls_053.png,pending_review,2026 在川招生专业及名额官方图片页，非结构化表格，未导入 admission_plans。
历史类,54,https://plan.sceea.cn/img/ls/tu/ls%20(54).png,data/raw/provinces/sichuan/2026-admission-plans/history/ls_054.png,pending_review,2026 在川招生专业及名额官方图片页，非结构化表格，未导入 admission_plans。
历史类,55,https://plan.sceea.cn/img/ls/tu/ls%20(55).png,data/raw/provinces/sichuan/2026-admission-plans/history/ls_055.png,pending_review,2026 在川招生专业及名额官方图片页，非结构化表格，未导入 admission_plans。
历史类,56,https://plan.sceea.cn/img/ls/tu/ls%20(56).png,data/raw/provinces/sichuan/2026-admission-plans/history/ls_056.png,pending_review,2026 在川招生专业及名额官方图片页，非结构化表格，未导入 admission_plans。
历史类,57,https://plan.sceea.cn/img/ls/tu/ls%20(57).png,data/raw/provinces/sichuan/2026-admission-plans/history/ls_057.png,pending_review,2026 在川招生专业及名额官方图片页，非结构化表格，未导入 admission_plans。
历史类,58,https://plan.sceea.cn/img/ls/tu/ls%20(58).png,data/raw/provinces/sichuan/2026-admission-plans/history/ls_058.png,pending_review,2026 在川招生专业及名额官方图片页，非结构化表格，未导入 admission_plans。
历史类,59,https://plan.sceea.cn/img/ls/tu/ls%20(59).png,data/raw/provinces/sichuan/2026-admission-plans/history/ls_059.png,pending_review,2026 在川招生专业及名额官方图片页，非结构化表格，未导入 admission_plans。
历史类,60,https://plan.sceea.cn/img/ls/tu/ls%20(60).png,data/raw/provinces/sichuan/2026-admission-plans/history/ls_060.png,pending_review,2026 在川招生专业及名额官方图片页，非结构化表格，未导入 admission_plans。
历史类,61,https://plan.sceea.cn/img/ls/tu/ls%20(61).png,data/raw/provinces/sichuan/2026-admission-plans/history/ls_061.png,pending_review,2026 在川招生专业及名额官方图片页，非结构化表格，未导入 admission_plans。
历史类,62,https://plan.sceea.cn/img/ls/tu/ls%20(62).png,data/raw/provinces/sichuan/2026-admission-plans/history/ls_062.png,pending_review,2026 在川招生专业及名额官方图片页，非结构化表格，未导入 admission_plans。
历史类,63,https://plan.sceea.cn/img/ls/tu/ls%20(63).png,data/raw/provinces/sichuan/2026-admission-plans/history/ls_063.png,pending_review,2026 在川招生专业及名额官方图片页，非结构化表格，未导入 admission_plans。
历史类,64,https://plan.sceea.cn/img/ls/tu/ls%20(64).png,data/raw/provinces/sichuan/2026-admission-plans/history/ls_064.png,pending_review,2026 在川招生专业及名额官方图片页，非结构化表格，未导入 admission_plans。
历史类,65,https://plan.sceea.cn/img/ls/tu/ls%20(65).png,data/raw/provinces/sichuan/2026-admission-plans/history/ls_065.png,pending_review,2026 在川招生专业及名额官方图片页，非结构化表格，未导入 admission_plans。
历史类,66,https://plan.sceea.cn/img/ls/tu/ls%20(66).png,data/raw/provinces/sichuan/2026-admission-plans/history/ls_066.png,pending_review,2026 在川招生专业及名额官方图片页，非结构化表格，未导入 admission_plans。
历史类,67,https://plan.sceea.cn/img/ls/tu/ls%20(67).png,data/raw/provinces/sichuan/2026-admission-plans/history/ls_067.png,pending_review,2026 在川招生专业及名额官方图片页，非结构化表格，未导入 admission_plans。
历史类,68,https://plan.sceea.cn/img/ls/tu/ls%20(68).png,data/raw/provinces/sichuan/2026-admission-plans/history/ls_068.png,pending_review,2026 在川招生专业及名额官方图片页，非结构化表格，未导入 admission_plans。
历史类,69,https://plan.sceea.cn/img/ls/tu/ls%20(69).png,data/raw/provinces/sichuan/2026-admission-plans/history/ls_069.png,pending_review,2026 在川招生专业及名额官方图片页，非结构化表格，未导入 admission_plans。
历史类,70,https://plan.sceea.cn/img/ls/tu/ls%20(70).png,data/raw/provinces/sichuan/2026-admission-plans/history/ls_070.png,pending_review,2026 在川招生专业及名额官方图片页，非结构化表格，未导入 admission_plans。
历史类,71,https://plan.sceea.cn/img/ls/tu/ls%20(71).png,data/raw/provinces/sichuan/2026-admission-plans/history/ls_071.png,pending_review,2026 在川招生专业及名额官方图片页，非结构化表格，未导入 admission_plans。
历史类,72,https://plan.sceea.cn/img/ls/tu/ls%20(72).png,data/raw/provinces/sichuan/2026-admission-plans/history/ls_072.png,pending_review,2026 在川招生专业及名额官方图片页，非结构化表格，未导入 admission_plans。
历史类,73,https://plan.sceea.cn/img/ls/tu/ls%20(73).png,data/raw/provinces/sichuan/2026-admission-plans/history/ls_073.png,pending_review,2026 在川招生专业及名额官方图片页，非结构化表格，未导入 admission_plans。
历史类,74,https://plan.sceea.cn/img/ls/tu/ls%20(74).png,data/raw/provinces/sichuan/2026-admission-plans/history/ls_074.png,pending_review,2026 在川招生专业及名额官方图片页，非结构化表格，未导入 admission_plans。
历史类,75,https://plan.sceea.cn/img/ls/tu/ls%20(75).png,data/raw/provinces/sichuan/2026-admission-plans/history/ls_075.png,pending_review,2026 在川招生专业及名额官方图片页，非结构化表格，未导入 admission_plans。
历史类,76,https://plan.sceea.cn/img/ls/tu/ls%20(76).png,data/raw/provinces/sichuan/2026-admission-plans/history/ls_076.png,pending_review,2026 在川招生专业及名额官方图片页，非结构化表格，未导入 admission_plans。
历史类,77,https://plan.sceea.cn/img/ls/tu/ls%20(77).png,data/raw/provinces/sichuan/2026-admission-plans/history/ls_077.png,pending_review,2026 在川招生专业及名额官方图片页，非结构化表格，未导入 admission_plans。
历史类,78,https://plan.sceea.cn/img/ls/tu/ls%20(78).png,data/raw/provinces/sichuan/2026-admission-plans/history/ls_078.png,pending_review,2026 在川招生专业及名额官方图片页，非结构化表格，未导入 admission_plans。
历史类,79,https://plan.sceea.cn/img/ls/tu/ls%20(79).png,data/raw/provinces/sichuan/2026-admission-plans/history/ls_079.png,pending_review,2026 在川招生专业及名额官方图片页，非结构化表格，未导入 admission_plans。
历史类,80,https://plan.sceea.cn/img/ls/tu/ls%20(80).png,data/raw/provinces/sichuan/2026-admission-plans/history/ls_080.png,pending_review,2026 在川招生专业及名额官方图片页，非结构化表格，未导入 admission_plans。
历史类,81,https://plan.sceea.cn/img/ls/tu/ls%20(81).png,data/raw/provinces/sichuan/2026-admission-plans/history/ls_081.png,pending_review,2026 在川招生专业及名额官方图片页，非结构化表格，未导入 admission_plans。
历史类,82,https://plan.sceea.cn/img/ls/tu/ls%20(82).png,data/raw/provinces/sichuan/2026-admission-plans/history/ls_082.png,pending_review,2026 在川招生专业及名额官方图片页，非结构化表格，未导入 admission_plans。
历史类,83,https://plan.sceea.cn/img/ls/tu/ls%20(83).png,data/raw/provinces/sichuan/2026-admission-plans/history/ls_083.png,pending_review,2026 在川招生专业及名额官方图片页，非结构化表格，未导入 admission_plans。
历史类,84,https://plan.sceea.cn/img/ls/tu/ls%20(84).png,data/raw/provinces/sichuan/2026-admission-plans/history/ls_084.png,pending_review,2026 在川招生专业及名额官方图片页，非结构化表格，未导入 admission_plans。
历史类,85,https://plan.sceea.cn/img/ls/tu/ls%20(85).png,data/raw/provinces/sichuan/2026-admission-plans/history/ls_085.png,pending_review,2026 在川招生专业及名额官方图片页，非结构化表格，未导入 admission_plans。
历史类,86,https://plan.sceea.cn/img/ls/tu/ls%20(86).png,data/raw/provinces/sichuan/2026-admission-plans/history/ls_086.png,pending_review,2026 在川招生专业及名额官方图片页，非结构化表格，未导入 admission_plans。
历史类,87,https://plan.sceea.cn/img/ls/tu/ls%20(87).png,data/raw/provinces/sichuan/2026-admission-plans/history/ls_087.png,pending_review,2026 在川招生专业及名额官方图片页，非结构化表格，未导入 admission_plans。
历史类,88,https://plan.sceea.cn/img/ls/tu/ls%20(88).png,data/raw/provinces/sichuan/2026-admission-plans/history/ls_088.png,pending_review,2026 在川招生专业及名额官方图片页，非结构化表格，未导入 admission_plans。
历史类,89,https://plan.sceea.cn/img/ls/tu/ls%20(89).png,data/raw/provinces/sichuan/2026-admission-plans/history/ls_089.png,pending_review,2026 在川招生专业及名额官方图片页，非结构化表格，未导入 admission_plans。
历史类,90,https://plan.sceea.cn/img/ls/tu/ls%20(90).png,data/raw/provinces/sichuan/2026-admission-plans/history/ls_090.png,pending_review,2026 在川招生专业及名额官方图片页，非结构化表格，未导入 admission_plans。
历史类,91,https://plan.sceea.cn/img/ls/tu/ls%20(91).png,data/raw/provinces/sichuan/2026-admission-plans/history/ls_091.png,pending_review,2026 在川招生专业及名额官方图片页，非结构化表格，未导入 admission_plans。
历史类,92,https://plan.sceea.cn/img/ls/tu/ls%20(92).png,data/raw/provinces/sichuan/2026-admission-plans/history/ls_092.png,pending_review,2026 在川招生专业及名额官方图片页，非结构化表格，未导入 admission_plans。
历史类,93,https://plan.sceea.cn/img/ls/tu/ls%20(93).png,data/raw/provinces/sichuan/2026-admission-plans/history/ls_093.png,pending_review,2026 在川招生专业及名额官方图片页，非结构化表格，未导入 admission_plans。
历史类,94,https://plan.sceea.cn/img/ls/tu/ls%20(94).png,data/raw/provinces/sichuan/2026-admission-plans/history/ls_094.png,pending_review,2026 在川招生专业及名额官方图片页，非结构化表格，未导入 admission_plans。
历史类,95,https://plan.sceea.cn/img/ls/tu/ls%20(95).png,data/raw/provinces/sichuan/2026-admission-plans/history/ls_095.png,pending_review,2026 在川招生专业及名额官方图片页，非结构化表格，未导入 admission_plans。
历史类,96,https://plan.sceea.cn/img/ls/tu/ls%20(96).png,data/raw/provinces/sichuan/2026-admission-plans/history/ls_096.png,pending_review,2026 在川招生专业及名额官方图片页，非结构化表格，未导入 admission_plans。
历史类,97,https://plan.sceea.cn/img/ls/tu/ls%20(97).png,data/raw/provinces/sichuan/2026-admission-plans/history/ls_097.png,pending_review,2026 在川招生专业及名额官方图片页，非结构化表格，未导入 admission_plans。
历史类,98,https://plan.sceea.cn/img/ls/tu/ls%20(98).png,data/raw/provinces/sichuan/2026-admission-plans/history/ls_098.png,pending_review,2026 在川招生专业及名额官方图片页，非结构化表格，未导入 admission_plans。
历史类,99,https://plan.sceea.cn/img/ls/tu/ls%20(99).png,data/raw/provinces/sichuan/2026-admission-plans/history/ls_099.png,pending_review,2026 在川招生专业及名额官方图片页，非结构化表格，未导入 admission_plans。
历史类,100,https://plan.sceea.cn/img/ls/tu/ls%20(100).png,data/raw/provinces/sichuan/2026-admission-plans/history/ls_100.png,pending_review,2026 在川招生专业及名额官方图片页，非结构化表格，未导入 admission_plans。
历史类,101,https://plan.sceea.cn/img/ls/tu/ls%20(101).png,data/raw/provinces/sichuan/2026-admission-plans/history/ls_101.png,pending_review,2026 在川招生专业及名额官方图片页，非结构化表格，未导入 admission_plans。
历史类,102,https://plan.sceea.cn/img/ls/tu/ls%20(102).png,data/raw/provinces/sichuan/2026-admission-plans/history/ls_102.png,pending_review,2026 在川招生专业及名额官方图片页，非结构化表格，未导入 admission_plans。
历史类,103,https://plan.sceea.cn/img/ls/tu/ls%20(103).png,data/raw/provinces/sichuan/2026-admission-plans/history/ls_103.png,pending_review,2026 在川招生专业及名额官方图片页，非结构化表格，未导入 admission_plans。
历史类,104,https://plan.sceea.cn/img/ls/tu/ls%20(104).png,data/raw/provinces/sichuan/2026-admission-plans/history/ls_104.png,pending_review,2026 在川招生专业及名额官方图片页，非结构化表格，未导入 admission_plans。
历史类,105,https://plan.sceea.cn/img/ls/tu/ls%20(105).png,data/raw/provinces/sichuan/2026-admission-plans/history/ls_105.png,pending_review,2026 在川招生专业及名额官方图片页，非结构化表格，未导入 admission_plans。
历史类,106,https://plan.sceea.cn/img/ls/tu/ls%20(106).png,data/raw/provinces/sichuan/2026-admission-plans/history/ls_106.png,pending_review,2026 在川招生专业及名额官方图片页，非结构化表格，未导入 admission_plans。
历史类,107,https://plan.sceea.cn/img/ls/tu/ls%20(107).png,data/raw/provinces/sichuan/2026-admission-plans/history/ls_107.png,pending_review,2026 在川招生专业及名额官方图片页，非结构化表格，未导入 admission_plans。
历史类,108,https://plan.sceea.cn/img/ls/tu/ls%20(108).png,data/raw/provinces/sichuan/2026-admission-plans/history/ls_108.png,pending_review,2026 在川招生专业及名额官方图片页，非结构化表格，未导入 admission_plans。
历史类,109,https://plan.sceea.cn/img/ls/tu/ls%20(109).png,data/raw/provinces/sichuan/2026-admission-plans/history/ls_109.png,pending_review,2026 在川招生专业及名额官方图片页，非结构化表格，未导入 admission_plans。
历史类,110,https://plan.sceea.cn/img/ls/tu/ls%20(110).png,data/raw/provinces/sichuan/2026-admission-plans/history/ls_110.png,pending_review,2026 在川招生专业及名额官方图片页，非结构化表格，未导入 admission_plans。
历史类,111,https://plan.sceea.cn/img/ls/tu/ls%20(111).png,data/raw/provinces/sichuan/2026-admission-plans/history/ls_111.png,pending_review,2026 在川招生专业及名额官方图片页，非结构化表格，未导入 admission_plans。
历史类,112,https://plan.sceea.cn/img/ls/tu/ls%20(112).png,data/raw/provinces/sichuan/2026-admission-plans/history/ls_112.png,pending_review,2026 在川招生专业及名额官方图片页，非结构化表格，未导入 admission_plans。
历史类,113,https://plan.sceea.cn/img/ls/tu/ls%20(113).png,data/raw/provinces/sichuan/2026-admission-plans/history/ls_113.png,pending_review,2026 在川招生专业及名额官方图片页，非结构化表格，未导入 admission_plans。
历史类,114,https://plan.sceea.cn/img/ls/tu/ls%20(114).png,data/raw/provinces/sichuan/2026-admission-plans/history/ls_114.png,pending_review,2026 在川招生专业及名额官方图片页，非结构化表格，未导入 admission_plans。
历史类,115,https://plan.sceea.cn/img/ls/tu/ls%20(115).png,data/raw/provinces/sichuan/2026-admission-plans/history/ls_115.png,pending_review,2026 在川招生专业及名额官方图片页，非结构化表格，未导入 admission_plans。
历史类,116,https://plan.sceea.cn/img/ls/tu/ls%20(116).png,data/raw/provinces/sichuan/2026-admission-plans/history/ls_116.png,pending_review,2026 在川招生专业及名额官方图片页，非结构化表格，未导入 admission_plans。
历史类,117,https://plan.sceea.cn/img/ls/tu/ls%20(117).png,data/raw/provinces/sichuan/2026-admission-plans/history/ls_117.png,pending_review,2026 在川招生专业及名额官方图片页，非结构化表格，未导入 admission_plans。
历史类,118,https://plan.sceea.cn/img/ls/tu/ls%20(118).png,data/raw/provinces/sichuan/2026-admission-plans/history/ls_118.png,pending_review,2026 在川招生专业及名额官方图片页，非结构化表格，未导入 admission_plans。
历史类,119,https://plan.sceea.cn/img/ls/tu/ls%20(119).png,data/raw/provinces/sichuan/2026-admission-plans/history/ls_119.png,pending_review,2026 在川招生专业及名额官方图片页，非结构化表格，未导入 admission_plans。
历史类,120,https://plan.sceea.cn/img/ls/tu/ls%20(120).png,data/raw/provinces/sichuan/2026-admission-plans/history/ls_120.png,pending_review,2026 在川招生专业及名额官方图片页，非结构化表格，未导入 admission_plans。
历史类,121,https://plan.sceea.cn/img/ls/tu/ls%20(121).png,data/raw/provinces/sichuan/2026-admission-plans/history/ls_121.png,pending_review,2026 在川招生专业及名额官方图片页，非结构化表格，未导入 admission_plans。
历史类,122,https://plan.sceea.cn/img/ls/tu/ls%20(122).png,data/raw/provinces/sichuan/2026-admission-plans/history/ls_122.png,pending_review,2026 在川招生专业及名额官方图片页，非结构化表格，未导入 admission_plans。
历史类,123,https://plan.sceea.cn/img/ls/tu/ls%20(123).png,data/raw/provinces/sichuan/2026-admission-plans/history/ls_123.png,pending_review,2026 在川招生专业及名额官方图片页，非结构化表格，未导入 admission_plans。
历史类,124,https://plan.sceea.cn/img/ls/tu/ls%20(124).png,data/raw/provinces/sichuan/2026-admission-plans/history/ls_124.png,pending_review,2026 在川招生专业及名额官方图片页，非结构化表格，未导入 admission_plans。
历史类,125,https://plan.sceea.cn/img/ls/tu/ls%20(125).png,data/raw/provinces/sichuan/2026-admission-plans/history/ls_125.png,pending_review,2026 在川招生专业及名额官方图片页，非结构化表格，未导入 admission_plans。
历史类,126,https://plan.sceea.cn/img/ls/tu/ls%20(126).png,data/raw/provinces/sichuan/2026-admission-plans/history/ls_126.png,pending_review,2026 在川招生专业及名额官方图片页，非结构化表格，未导入 admission_plans。
历史类,127,https://plan.sceea.cn/img/ls/tu/ls%20(127).png,data/raw/provinces/sichuan/2026-admission-plans/history/ls_127.png,pending_review,2026 在川招生专业及名额官方图片页，非结构化表格，未导入 admission_plans。
历史类,128,https://plan.sceea.cn/img/ls/tu/ls%20(128).png,data/raw/provinces/sichuan/2026-admission-plans/history/ls_128.png,pending_review,2026 在川招生专业及名额官方图片页，非结构化表格，未导入 admission_plans。
历史类,129,https://plan.sceea.cn/img/ls/tu/ls%20(129).png,data/raw/provinces/sichuan/2026-admission-plans/history/ls_129.png,pending_review,2026 在川招生专业及名额官方图片页，非结构化表格，未导入 admission_plans。
历史类,130,https://plan.sceea.cn/img/ls/tu/ls%20(130).png,data/raw/provinces/sichuan/2026-admission-plans/history/ls_130.png,pending_review,2026 在川招生专业及名额官方图片页，非结构化表格，未导入 admission_plans。
历史类,131,https://plan.sceea.cn/img/ls/tu/ls%20(131).png,data/raw/provinces/sichuan/2026-admission-plans/history/ls_131.png,pending_review,2026 在川招生专业及名额官方图片页，非结构化表格，未导入 admission_plans。
历史类,132,https://plan.sceea.cn/img/ls/tu/ls%20(132).png,data/raw/provinces/sichuan/2026-admission-plans/history/ls_132.png,pending_review,2026 在川招生专业及名额官方图片页，非结构化表格，未导入 admission_plans。
历史类,133,https://plan.sceea.cn/img/ls/tu/ls%20(133).png,data/raw/provinces/sichuan/2026-admission-plans/history/ls_133.png,pending_review,2026 在川招生专业及名额官方图片页，非结构化表格，未导入 admission_plans。
历史类,134,https://plan.sceea.cn/img/ls/tu/ls%20(134).png,data/raw/provinces/sichuan/2026-admission-plans/history/ls_134.png,pending_review,2026 在川招生专业及名额官方图片页，非结构化表格，未导入 admission_plans。
历史类,135,https://plan.sceea.cn/img/ls/tu/ls%20(135).png,data/raw/provinces/sichuan/2026-admission-plans/history/ls_135.png,pending_review,2026 在川招生专业及名额官方图片页，非结构化表格，未导入 admission_plans。
历史类,136,https://plan.sceea.cn/img/ls/tu/ls%20(136).png,data/raw/provinces/sichuan/2026-admission-plans/history/ls_136.png,pending_review,2026 在川招生专业及名额官方图片页，非结构化表格，未导入 admission_plans。
历史类,137,https://plan.sceea.cn/img/ls/tu/ls%20(137).png,data/raw/provinces/sichuan/2026-admission-plans/history/ls_137.png,pending_review,2026 在川招生专业及名额官方图片页，非结构化表格，未导入 admission_plans。
历史类,138,https://plan.sceea.cn/img/ls/tu/ls%20(138).png,data/raw/provinces/sichuan/2026-admission-plans/history/ls_138.png,pending_review,2026 在川招生专业及名额官方图片页，非结构化表格，未导入 admission_plans。
历史类,139,https://plan.sceea.cn/img/ls/tu/ls%20(139).png,data/raw/provinces/sichuan/2026-admission-plans/history/ls_139.png,pending_review,2026 在川招生专业及名额官方图片页，非结构化表格，未导入 admission_plans。
历史类,140,https://plan.sceea.cn/img/ls/tu/ls%20(140).png,data/raw/provinces/sichuan/2026-admission-plans/history/ls_140.png,pending_review,2026 在川招生专业及名额官方图片页，非结构化表格，未导入 admission_plans。
历史类,141,https://plan.sceea.cn/img/ls/tu/ls%20(141).png,data/raw/provinces/sichuan/2026-admission-plans/history/ls_141.png,pending_review,2026 在川招生专业及名额官方图片页，非结构化表格，未导入 admission_plans。
历史类,142,https://plan.sceea.cn/img/ls/tu/ls%20(142).png,data/raw/provinces/sichuan/2026-admission-plans/history/ls_142.png,pending_review,2026 在川招生专业及名额官方图片页，非结构化表格，未导入 admission_plans。
历史类,143,https://plan.sceea.cn/img/ls/tu/ls%20(143).png,data/raw/provinces/sichuan/2026-admission-plans/history/ls_143.png,pending_review,2026 在川招生专业及名额官方图片页，非结构化表格，未导入 admission_plans。
历史类,144,https://plan.sceea.cn/img/ls/tu/ls%20(144).png,data/raw/provinces/sichuan/2026-admission-plans/history/ls_144.png,pending_review,2026 在川招生专业及名额官方图片页，非结构化表格，未导入 admission_plans。
历史类,145,https://plan.sceea.cn/img/ls/tu/ls%20(145).png,data/raw/provinces/sichuan/2026-admission-plans/history/ls_145.png,pending_review,2026 在川招生专业及名额官方图片页，非结构化表格，未导入 admission_plans。
历史类,146,https://plan.sceea.cn/img/ls/tu/ls%20(146).png,data/raw/provinces/sichuan/2026-admission-plans/history/ls_146.png,pending_review,2026 在川招生专业及名额官方图片页，非结构化表格，未导入 admission_plans。
历史类,147,https://plan.sceea.cn/img/ls/tu/ls%20(147).png,data/raw/provinces/sichuan/2026-admission-plans/history/ls_147.png,pending_review,2026 在川招生专业及名额官方图片页，非结构化表格，未导入 admission_plans。
历史类,148,https://plan.sceea.cn/img/ls/tu/ls%20(148).png,data/raw/provinces/sichuan/2026-admission-plans/history/ls_148.png,pending_review,2026 在川招生专业及名额官方图片页，非结构化表格，未导入 admission_plans。
历史类,149,https://plan.sceea.cn/img/ls/tu/ls%20(149).png,data/raw/provinces/sichuan/2026-admission-plans/history/ls_149.png,pending_review,2026 在川招生专业及名额官方图片页，非结构化表格，未导入 admission_plans。
历史类,150,https://plan.sceea.cn/img/ls/tu/ls%20(150).png,data/raw/provinces/sichuan/2026-admission-plans/history/ls_150.png,pending_review,2026 在川招生专业及名额官方图片页，非结构化表格，未导入 admission_plans。
历史类,151,https://plan.sceea.cn/img/ls/tu/ls%20(151).png,data/raw/provinces/sichuan/2026-admission-plans/history/ls_151.png,pending_review,2026 在川招生专业及名额官方图片页，非结构化表格，未导入 admission_plans。
历史类,152,https://plan.sceea.cn/img/ls/tu/ls%20(152).png,data/raw/provinces/sichuan/2026-admission-plans/history/ls_152.png,pending_review,2026 在川招生专业及名额官方图片页，非结构化表格，未导入 admission_plans。
历史类,153,https://plan.sceea.cn/img/ls/tu/ls%20(153).png,data/raw/provinces/sichuan/2026-admission-plans/history/ls_153.png,pending_review,2026 在川招生专业及名额官方图片页，非结构化表格，未导入 admission_plans。
历史类,154,https://plan.sceea.cn/img/ls/tu/ls%20(154).png,data/raw/provinces/sichuan/2026-admission-plans/history/ls_154.png,pending_review,2026 在川招生专业及名额官方图片页，非结构化表格，未导入 admission_plans。
历史类,155,https://plan.sceea.cn/img/ls/tu/ls%20(155).png,data/raw/provinces/sichuan/2026-admission-plans/history/ls_155.png,pending_review,2026 在川招生专业及名额官方图片页，非结构化表格，未导入 admission_plans。
历史类,156,https://plan.sceea.cn/img/ls/tu/ls%20(156).png,data/raw/provinces/sichuan/2026-admission-plans/history/ls_156.png,pending_review,2026 在川招生专业及名额官方图片页，非结构化表格，未导入 admission_plans。
历史类,157,https://plan.sceea.cn/img/ls/tu/ls%20(157).png,data/raw/provinces/sichuan/2026-admission-plans/history/ls_157.png,pending_review,2026 在川招生专业及名额官方图片页，非结构化表格，未导入 admission_plans。
历史类,158,https://plan.sceea.cn/img/ls/tu/ls%20(158).png,data/raw/provinces/sichuan/2026-admission-plans/history/ls_158.png,pending_review,2026 在川招生专业及名额官方图片页，非结构化表格，未导入 admission_plans。
历史类,159,https://plan.sceea.cn/img/ls/tu/ls%20(159).png,data/raw/provinces/sichuan/2026-admission-plans/history/ls_159.png,pending_review,2026 在川招生专业及名额官方图片页，非结构化表格，未导入 admission_plans。
历史类,160,https://plan.sceea.cn/img/ls/tu/ls%20(160).png,data/raw/provinces/sichuan/2026-admission-plans/history/ls_160.png,pending_review,2026 在川招生专业及名额官方图片页，非结构化表格，未导入 admission_plans。
物理类,1,https://plan.sceea.cn/img/wl/tu/wl%20(1).png,data/raw/provinces/sichuan/2026-admission-plans/physics/wl_001.png,pending_review,2026 在川招生专业及名额官方图片页，非结构化表格，未导入 admission_plans。
物理类,2,https://plan.sceea.cn/img/wl/tu/wl%20(2).png,data/raw/provinces/sichuan/2026-admission-plans/physics/wl_002.png,pending_review,2026 在川招生专业及名额官方图片页，非结构化表格，未导入 admission_plans。
物理类,3,https://plan.sceea.cn/img/wl/tu/wl%20(3).png,data/raw/provinces/sichuan/2026-admission-plans/physics/wl_003.png,pending_review,2026 在川招生专业及名额官方图片页，非结构化表格，未导入 admission_plans。
物理类,4,https://plan.sceea.cn/img/wl/tu/wl%20(4).png,data/raw/provinces/sichuan/2026-admission-plans/physics/wl_004.png,pending_review,2026 在川招生专业及名额官方图片页，非结构化表格，未导入 admission_plans。
物理类,5,https://plan.sceea.cn/img/wl/tu/wl%20(5).png,data/raw/provinces/sichuan/2026-admission-plans/physics/wl_005.png,pending_review,2026 在川招生专业及名额官方图片页，非结构化表格，未导入 admission_plans。
物理类,6,https://plan.sceea.cn/img/wl/tu/wl%20(6).png,data/raw/provinces/sichuan/2026-admission-plans/physics/wl_006.png,pending_review,2026 在川招生专业及名额官方图片页，非结构化表格，未导入 admission_plans。
物理类,7,https://plan.sceea.cn/img/wl/tu/wl%20(7).png,data/raw/provinces/sichuan/2026-admission-plans/physics/wl_007.png,pending_review,2026 在川招生专业及名额官方图片页，非结构化表格，未导入 admission_plans。
物理类,8,https://plan.sceea.cn/img/wl/tu/wl%20(8).png,data/raw/provinces/sichuan/2026-admission-plans/physics/wl_008.png,pending_review,2026 在川招生专业及名额官方图片页，非结构化表格，未导入 admission_plans。
物理类,9,https://plan.sceea.cn/img/wl/tu/wl%20(9).png,data/raw/provinces/sichuan/2026-admission-plans/physics/wl_009.png,pending_review,2026 在川招生专业及名额官方图片页，非结构化表格，未导入 admission_plans。
物理类,10,https://plan.sceea.cn/img/wl/tu/wl%20(10).png,data/raw/provinces/sichuan/2026-admission-plans/physics/wl_010.png,pending_review,2026 在川招生专业及名额官方图片页，非结构化表格，未导入 admission_plans。
物理类,11,https://plan.sceea.cn/img/wl/tu/wl%20(11).png,data/raw/provinces/sichuan/2026-admission-plans/physics/wl_011.png,pending_review,2026 在川招生专业及名额官方图片页，非结构化表格，未导入 admission_plans。
物理类,12,https://plan.sceea.cn/img/wl/tu/wl%20(12).png,data/raw/provinces/sichuan/2026-admission-plans/physics/wl_012.png,pending_review,2026 在川招生专业及名额官方图片页，非结构化表格，未导入 admission_plans。
物理类,13,https://plan.sceea.cn/img/wl/tu/wl%20(13).png,data/raw/provinces/sichuan/2026-admission-plans/physics/wl_013.png,pending_review,2026 在川招生专业及名额官方图片页，非结构化表格，未导入 admission_plans。
物理类,14,https://plan.sceea.cn/img/wl/tu/wl%20(14).png,data/raw/provinces/sichuan/2026-admission-plans/physics/wl_014.png,pending_review,2026 在川招生专业及名额官方图片页，非结构化表格，未导入 admission_plans。
物理类,15,https://plan.sceea.cn/img/wl/tu/wl%20(15).png,data/raw/provinces/sichuan/2026-admission-plans/physics/wl_015.png,pending_review,2026 在川招生专业及名额官方图片页，非结构化表格，未导入 admission_plans。
物理类,16,https://plan.sceea.cn/img/wl/tu/wl%20(16).png,data/raw/provinces/sichuan/2026-admission-plans/physics/wl_016.png,pending_review,2026 在川招生专业及名额官方图片页，非结构化表格，未导入 admission_plans。
物理类,17,https://plan.sceea.cn/img/wl/tu/wl%20(17).png,data/raw/provinces/sichuan/2026-admission-plans/physics/wl_017.png,pending_review,2026 在川招生专业及名额官方图片页，非结构化表格，未导入 admission_plans。
物理类,18,https://plan.sceea.cn/img/wl/tu/wl%20(18).png,data/raw/provinces/sichuan/2026-admission-plans/physics/wl_018.png,pending_review,2026 在川招生专业及名额官方图片页，非结构化表格，未导入 admission_plans。
物理类,19,https://plan.sceea.cn/img/wl/tu/wl%20(19).png,data/raw/provinces/sichuan/2026-admission-plans/physics/wl_019.png,pending_review,2026 在川招生专业及名额官方图片页，非结构化表格，未导入 admission_plans。
物理类,20,https://plan.sceea.cn/img/wl/tu/wl%20(20).png,data/raw/provinces/sichuan/2026-admission-plans/physics/wl_020.png,pending_review,2026 在川招生专业及名额官方图片页，非结构化表格，未导入 admission_plans。
物理类,21,https://plan.sceea.cn/img/wl/tu/wl%20(21).png,data/raw/provinces/sichuan/2026-admission-plans/physics/wl_021.png,pending_review,2026 在川招生专业及名额官方图片页，非结构化表格，未导入 admission_plans。
物理类,22,https://plan.sceea.cn/img/wl/tu/wl%20(22).png,data/raw/provinces/sichuan/2026-admission-plans/physics/wl_022.png,pending_review,2026 在川招生专业及名额官方图片页，非结构化表格，未导入 admission_plans。
物理类,23,https://plan.sceea.cn/img/wl/tu/wl%20(23).png,data/raw/provinces/sichuan/2026-admission-plans/physics/wl_023.png,pending_review,2026 在川招生专业及名额官方图片页，非结构化表格，未导入 admission_plans。
物理类,24,https://plan.sceea.cn/img/wl/tu/wl%20(24).png,data/raw/provinces/sichuan/2026-admission-plans/physics/wl_024.png,pending_review,2026 在川招生专业及名额官方图片页，非结构化表格，未导入 admission_plans。
物理类,25,https://plan.sceea.cn/img/wl/tu/wl%20(25).png,data/raw/provinces/sichuan/2026-admission-plans/physics/wl_025.png,pending_review,2026 在川招生专业及名额官方图片页，非结构化表格，未导入 admission_plans。
物理类,26,https://plan.sceea.cn/img/wl/tu/wl%20(26).png,data/raw/provinces/sichuan/2026-admission-plans/physics/wl_026.png,pending_review,2026 在川招生专业及名额官方图片页，非结构化表格，未导入 admission_plans。
物理类,27,https://plan.sceea.cn/img/wl/tu/wl%20(27).png,data/raw/provinces/sichuan/2026-admission-plans/physics/wl_027.png,pending_review,2026 在川招生专业及名额官方图片页，非结构化表格，未导入 admission_plans。
物理类,28,https://plan.sceea.cn/img/wl/tu/wl%20(28).png,data/raw/provinces/sichuan/2026-admission-plans/physics/wl_028.png,pending_review,2026 在川招生专业及名额官方图片页，非结构化表格，未导入 admission_plans。
物理类,29,https://plan.sceea.cn/img/wl/tu/wl%20(29).png,data/raw/provinces/sichuan/2026-admission-plans/physics/wl_029.png,pending_review,2026 在川招生专业及名额官方图片页，非结构化表格，未导入 admission_plans。
物理类,30,https://plan.sceea.cn/img/wl/tu/wl%20(30).png,data/raw/provinces/sichuan/2026-admission-plans/physics/wl_030.png,pending_review,2026 在川招生专业及名额官方图片页，非结构化表格，未导入 admission_plans。
物理类,31,https://plan.sceea.cn/img/wl/tu/wl%20(31).png,data/raw/provinces/sichuan/2026-admission-plans/physics/wl_031.png,pending_review,2026 在川招生专业及名额官方图片页，非结构化表格，未导入 admission_plans。
物理类,32,https://plan.sceea.cn/img/wl/tu/wl%20(32).png,data/raw/provinces/sichuan/2026-admission-plans/physics/wl_032.png,pending_review,2026 在川招生专业及名额官方图片页，非结构化表格，未导入 admission_plans。
物理类,33,https://plan.sceea.cn/img/wl/tu/wl%20(33).png,data/raw/provinces/sichuan/2026-admission-plans/physics/wl_033.png,pending_review,2026 在川招生专业及名额官方图片页，非结构化表格，未导入 admission_plans。
物理类,34,https://plan.sceea.cn/img/wl/tu/wl%20(34).png,data/raw/provinces/sichuan/2026-admission-plans/physics/wl_034.png,pending_review,2026 在川招生专业及名额官方图片页，非结构化表格，未导入 admission_plans。
物理类,35,https://plan.sceea.cn/img/wl/tu/wl%20(35).png,data/raw/provinces/sichuan/2026-admission-plans/physics/wl_035.png,pending_review,2026 在川招生专业及名额官方图片页，非结构化表格，未导入 admission_plans。
物理类,36,https://plan.sceea.cn/img/wl/tu/wl%20(36).png,data/raw/provinces/sichuan/2026-admission-plans/physics/wl_036.png,pending_review,2026 在川招生专业及名额官方图片页，非结构化表格，未导入 admission_plans。
物理类,37,https://plan.sceea.cn/img/wl/tu/wl%20(37).png,data/raw/provinces/sichuan/2026-admission-plans/physics/wl_037.png,pending_review,2026 在川招生专业及名额官方图片页，非结构化表格，未导入 admission_plans。
物理类,38,https://plan.sceea.cn/img/wl/tu/wl%20(38).png,data/raw/provinces/sichuan/2026-admission-plans/physics/wl_038.png,pending_review,2026 在川招生专业及名额官方图片页，非结构化表格，未导入 admission_plans。
物理类,39,https://plan.sceea.cn/img/wl/tu/wl%20(39).png,data/raw/provinces/sichuan/2026-admission-plans/physics/wl_039.png,pending_review,2026 在川招生专业及名额官方图片页，非结构化表格，未导入 admission_plans。
物理类,40,https://plan.sceea.cn/img/wl/tu/wl%20(40).png,data/raw/provinces/sichuan/2026-admission-plans/physics/wl_040.png,pending_review,2026 在川招生专业及名额官方图片页，非结构化表格，未导入 admission_plans。
物理类,41,https://plan.sceea.cn/img/wl/tu/wl%20(41).png,data/raw/provinces/sichuan/2026-admission-plans/physics/wl_041.png,pending_review,2026 在川招生专业及名额官方图片页，非结构化表格，未导入 admission_plans。
物理类,42,https://plan.sceea.cn/img/wl/tu/wl%20(42).png,data/raw/provinces/sichuan/2026-admission-plans/physics/wl_042.png,pending_review,2026 在川招生专业及名额官方图片页，非结构化表格，未导入 admission_plans。
物理类,43,https://plan.sceea.cn/img/wl/tu/wl%20(43).png,data/raw/provinces/sichuan/2026-admission-plans/physics/wl_043.png,pending_review,2026 在川招生专业及名额官方图片页，非结构化表格，未导入 admission_plans。
物理类,44,https://plan.sceea.cn/img/wl/tu/wl%20(44).png,data/raw/provinces/sichuan/2026-admission-plans/physics/wl_044.png,pending_review,2026 在川招生专业及名额官方图片页，非结构化表格，未导入 admission_plans。
物理类,45,https://plan.sceea.cn/img/wl/tu/wl%20(45).png,data/raw/provinces/sichuan/2026-admission-plans/physics/wl_045.png,pending_review,2026 在川招生专业及名额官方图片页，非结构化表格，未导入 admission_plans。
物理类,46,https://plan.sceea.cn/img/wl/tu/wl%20(46).png,data/raw/provinces/sichuan/2026-admission-plans/physics/wl_046.png,pending_review,2026 在川招生专业及名额官方图片页，非结构化表格，未导入 admission_plans。
物理类,47,https://plan.sceea.cn/img/wl/tu/wl%20(47).png,data/raw/provinces/sichuan/2026-admission-plans/physics/wl_047.png,pending_review,2026 在川招生专业及名额官方图片页，非结构化表格，未导入 admission_plans。
物理类,48,https://plan.sceea.cn/img/wl/tu/wl%20(48).png,data/raw/provinces/sichuan/2026-admission-plans/physics/wl_048.png,pending_review,2026 在川招生专业及名额官方图片页，非结构化表格，未导入 admission_plans。
物理类,49,https://plan.sceea.cn/img/wl/tu/wl%20(49).png,data/raw/provinces/sichuan/2026-admission-plans/physics/wl_049.png,pending_review,2026 在川招生专业及名额官方图片页，非结构化表格，未导入 admission_plans。
物理类,50,https://plan.sceea.cn/img/wl/tu/wl%20(50).png,data/raw/provinces/sichuan/2026-admission-plans/physics/wl_050.png,pending_review,2026 在川招生专业及名额官方图片页，非结构化表格，未导入 admission_plans。
物理类,51,https://plan.sceea.cn/img/wl/tu/wl%20(51).png,data/raw/provinces/sichuan/2026-admission-plans/physics/wl_051.png,pending_review,2026 在川招生专业及名额官方图片页，非结构化表格，未导入 admission_plans。
物理类,52,https://plan.sceea.cn/img/wl/tu/wl%20(52).png,data/raw/provinces/sichuan/2026-admission-plans/physics/wl_052.png,pending_review,2026 在川招生专业及名额官方图片页，非结构化表格，未导入 admission_plans。
物理类,53,https://plan.sceea.cn/img/wl/tu/wl%20(53).png,data/raw/provinces/sichuan/2026-admission-plans/physics/wl_053.png,pending_review,2026 在川招生专业及名额官方图片页，非结构化表格，未导入 admission_plans。
物理类,54,https://plan.sceea.cn/img/wl/tu/wl%20(54).png,data/raw/provinces/sichuan/2026-admission-plans/physics/wl_054.png,pending_review,2026 在川招生专业及名额官方图片页，非结构化表格，未导入 admission_plans。
物理类,55,https://plan.sceea.cn/img/wl/tu/wl%20(55).png,data/raw/provinces/sichuan/2026-admission-plans/physics/wl_055.png,pending_review,2026 在川招生专业及名额官方图片页，非结构化表格，未导入 admission_plans。
物理类,56,https://plan.sceea.cn/img/wl/tu/wl%20(56).png,data/raw/provinces/sichuan/2026-admission-plans/physics/wl_056.png,pending_review,2026 在川招生专业及名额官方图片页，非结构化表格，未导入 admission_plans。
物理类,57,https://plan.sceea.cn/img/wl/tu/wl%20(57).png,data/raw/provinces/sichuan/2026-admission-plans/physics/wl_057.png,pending_review,2026 在川招生专业及名额官方图片页，非结构化表格，未导入 admission_plans。
物理类,58,https://plan.sceea.cn/img/wl/tu/wl%20(58).png,data/raw/provinces/sichuan/2026-admission-plans/physics/wl_058.png,pending_review,2026 在川招生专业及名额官方图片页，非结构化表格，未导入 admission_plans。
物理类,59,https://plan.sceea.cn/img/wl/tu/wl%20(59).png,data/raw/provinces/sichuan/2026-admission-plans/physics/wl_059.png,pending_review,2026 在川招生专业及名额官方图片页，非结构化表格，未导入 admission_plans。
物理类,60,https://plan.sceea.cn/img/wl/tu/wl%20(60).png,data/raw/provinces/sichuan/2026-admission-plans/physics/wl_060.png,pending_review,2026 在川招生专业及名额官方图片页，非结构化表格，未导入 admission_plans。
物理类,61,https://plan.sceea.cn/img/wl/tu/wl%20(61).png,data/raw/provinces/sichuan/2026-admission-plans/physics/wl_061.png,pending_review,2026 在川招生专业及名额官方图片页，非结构化表格，未导入 admission_plans。
物理类,62,https://plan.sceea.cn/img/wl/tu/wl%20(62).png,data/raw/provinces/sichuan/2026-admission-plans/physics/wl_062.png,pending_review,2026 在川招生专业及名额官方图片页，非结构化表格，未导入 admission_plans。
物理类,63,https://plan.sceea.cn/img/wl/tu/wl%20(63).png,data/raw/provinces/sichuan/2026-admission-plans/physics/wl_063.png,pending_review,2026 在川招生专业及名额官方图片页，非结构化表格，未导入 admission_plans。
物理类,64,https://plan.sceea.cn/img/wl/tu/wl%20(64).png,data/raw/provinces/sichuan/2026-admission-plans/physics/wl_064.png,pending_review,2026 在川招生专业及名额官方图片页，非结构化表格，未导入 admission_plans。
物理类,65,https://plan.sceea.cn/img/wl/tu/wl%20(65).png,data/raw/provinces/sichuan/2026-admission-plans/physics/wl_065.png,pending_review,2026 在川招生专业及名额官方图片页，非结构化表格，未导入 admission_plans。
物理类,66,https://plan.sceea.cn/img/wl/tu/wl%20(66).png,data/raw/provinces/sichuan/2026-admission-plans/physics/wl_066.png,pending_review,2026 在川招生专业及名额官方图片页，非结构化表格，未导入 admission_plans。
物理类,67,https://plan.sceea.cn/img/wl/tu/wl%20(67).png,data/raw/provinces/sichuan/2026-admission-plans/physics/wl_067.png,pending_review,2026 在川招生专业及名额官方图片页，非结构化表格，未导入 admission_plans。
物理类,68,https://plan.sceea.cn/img/wl/tu/wl%20(68).png,data/raw/provinces/sichuan/2026-admission-plans/physics/wl_068.png,pending_review,2026 在川招生专业及名额官方图片页，非结构化表格，未导入 admission_plans。
物理类,69,https://plan.sceea.cn/img/wl/tu/wl%20(69).png,data/raw/provinces/sichuan/2026-admission-plans/physics/wl_069.png,pending_review,2026 在川招生专业及名额官方图片页，非结构化表格，未导入 admission_plans。
物理类,70,https://plan.sceea.cn/img/wl/tu/wl%20(70).png,data/raw/provinces/sichuan/2026-admission-plans/physics/wl_070.png,pending_review,2026 在川招生专业及名额官方图片页，非结构化表格，未导入 admission_plans。
物理类,71,https://plan.sceea.cn/img/wl/tu/wl%20(71).png,data/raw/provinces/sichuan/2026-admission-plans/physics/wl_071.png,pending_review,2026 在川招生专业及名额官方图片页，非结构化表格，未导入 admission_plans。
物理类,72,https://plan.sceea.cn/img/wl/tu/wl%20(72).png,data/raw/provinces/sichuan/2026-admission-plans/physics/wl_072.png,pending_review,2026 在川招生专业及名额官方图片页，非结构化表格，未导入 admission_plans。
物理类,73,https://plan.sceea.cn/img/wl/tu/wl%20(73).png,data/raw/provinces/sichuan/2026-admission-plans/physics/wl_073.png,pending_review,2026 在川招生专业及名额官方图片页，非结构化表格，未导入 admission_plans。
物理类,74,https://plan.sceea.cn/img/wl/tu/wl%20(74).png,data/raw/provinces/sichuan/2026-admission-plans/physics/wl_074.png,pending_review,2026 在川招生专业及名额官方图片页，非结构化表格，未导入 admission_plans。
物理类,75,https://plan.sceea.cn/img/wl/tu/wl%20(75).png,data/raw/provinces/sichuan/2026-admission-plans/physics/wl_075.png,pending_review,2026 在川招生专业及名额官方图片页，非结构化表格，未导入 admission_plans。
物理类,76,https://plan.sceea.cn/img/wl/tu/wl%20(76).png,data/raw/provinces/sichuan/2026-admission-plans/physics/wl_076.png,pending_review,2026 在川招生专业及名额官方图片页，非结构化表格，未导入 admission_plans。
物理类,77,https://plan.sceea.cn/img/wl/tu/wl%20(77).png,data/raw/provinces/sichuan/2026-admission-plans/physics/wl_077.png,pending_review,2026 在川招生专业及名额官方图片页，非结构化表格，未导入 admission_plans。
物理类,78,https://plan.sceea.cn/img/wl/tu/wl%20(78).png,data/raw/provinces/sichuan/2026-admission-plans/physics/wl_078.png,pending_review,2026 在川招生专业及名额官方图片页，非结构化表格，未导入 admission_plans。
物理类,79,https://plan.sceea.cn/img/wl/tu/wl%20(79).png,data/raw/provinces/sichuan/2026-admission-plans/physics/wl_079.png,pending_review,2026 在川招生专业及名额官方图片页，非结构化表格，未导入 admission_plans。
物理类,80,https://plan.sceea.cn/img/wl/tu/wl%20(80).png,data/raw/provinces/sichuan/2026-admission-plans/physics/wl_080.png,pending_review,2026 在川招生专业及名额官方图片页，非结构化表格，未导入 admission_plans。
物理类,81,https://plan.sceea.cn/img/wl/tu/wl%20(81).png,data/raw/provinces/sichuan/2026-admission-plans/physics/wl_081.png,pending_review,2026 在川招生专业及名额官方图片页，非结构化表格，未导入 admission_plans。
物理类,82,https://plan.sceea.cn/img/wl/tu/wl%20(82).png,data/raw/provinces/sichuan/2026-admission-plans/physics/wl_082.png,pending_review,2026 在川招生专业及名额官方图片页，非结构化表格，未导入 admission_plans。
物理类,83,https://plan.sceea.cn/img/wl/tu/wl%20(83).png,data/raw/provinces/sichuan/2026-admission-plans/physics/wl_083.png,pending_review,2026 在川招生专业及名额官方图片页，非结构化表格，未导入 admission_plans。
物理类,84,https://plan.sceea.cn/img/wl/tu/wl%20(84).png,data/raw/provinces/sichuan/2026-admission-plans/physics/wl_084.png,pending_review,2026 在川招生专业及名额官方图片页，非结构化表格，未导入 admission_plans。
物理类,85,https://plan.sceea.cn/img/wl/tu/wl%20(85).png,data/raw/provinces/sichuan/2026-admission-plans/physics/wl_085.png,pending_review,2026 在川招生专业及名额官方图片页，非结构化表格，未导入 admission_plans。
物理类,86,https://plan.sceea.cn/img/wl/tu/wl%20(86).png,data/raw/provinces/sichuan/2026-admission-plans/physics/wl_086.png,pending_review,2026 在川招生专业及名额官方图片页，非结构化表格，未导入 admission_plans。
物理类,87,https://plan.sceea.cn/img/wl/tu/wl%20(87).png,data/raw/provinces/sichuan/2026-admission-plans/physics/wl_087.png,pending_review,2026 在川招生专业及名额官方图片页，非结构化表格，未导入 admission_plans。
物理类,88,https://plan.sceea.cn/img/wl/tu/wl%20(88).png,data/raw/provinces/sichuan/2026-admission-plans/physics/wl_088.png,pending_review,2026 在川招生专业及名额官方图片页，非结构化表格，未导入 admission_plans。
物理类,89,https://plan.sceea.cn/img/wl/tu/wl%20(89).png,data/raw/provinces/sichuan/2026-admission-plans/physics/wl_089.png,pending_review,2026 在川招生专业及名额官方图片页，非结构化表格，未导入 admission_plans。
物理类,90,https://plan.sceea.cn/img/wl/tu/wl%20(90).png,data/raw/provinces/sichuan/2026-admission-plans/physics/wl_090.png,pending_review,2026 在川招生专业及名额官方图片页，非结构化表格，未导入 admission_plans。
物理类,91,https://plan.sceea.cn/img/wl/tu/wl%20(91).png,data/raw/provinces/sichuan/2026-admission-plans/physics/wl_091.png,pending_review,2026 在川招生专业及名额官方图片页，非结构化表格，未导入 admission_plans。
物理类,92,https://plan.sceea.cn/img/wl/tu/wl%20(92).png,data/raw/provinces/sichuan/2026-admission-plans/physics/wl_092.png,pending_review,2026 在川招生专业及名额官方图片页，非结构化表格，未导入 admission_plans。
物理类,93,https://plan.sceea.cn/img/wl/tu/wl%20(93).png,data/raw/provinces/sichuan/2026-admission-plans/physics/wl_093.png,pending_review,2026 在川招生专业及名额官方图片页，非结构化表格，未导入 admission_plans。
物理类,94,https://plan.sceea.cn/img/wl/tu/wl%20(94).png,data/raw/provinces/sichuan/2026-admission-plans/physics/wl_094.png,pending_review,2026 在川招生专业及名额官方图片页，非结构化表格，未导入 admission_plans。
物理类,95,https://plan.sceea.cn/img/wl/tu/wl%20(95).png,data/raw/provinces/sichuan/2026-admission-plans/physics/wl_095.png,pending_review,2026 在川招生专业及名额官方图片页，非结构化表格，未导入 admission_plans。
物理类,96,https://plan.sceea.cn/img/wl/tu/wl%20(96).png,data/raw/provinces/sichuan/2026-admission-plans/physics/wl_096.png,pending_review,2026 在川招生专业及名额官方图片页，非结构化表格，未导入 admission_plans。
物理类,97,https://plan.sceea.cn/img/wl/tu/wl%20(97).png,data/raw/provinces/sichuan/2026-admission-plans/physics/wl_097.png,pending_review,2026 在川招生专业及名额官方图片页，非结构化表格，未导入 admission_plans。
物理类,98,https://plan.sceea.cn/img/wl/tu/wl%20(98).png,data/raw/provinces/sichuan/2026-admission-plans/physics/wl_098.png,pending_review,2026 在川招生专业及名额官方图片页，非结构化表格，未导入 admission_plans。
物理类,99,https://plan.sceea.cn/img/wl/tu/wl%20(99).png,data/raw/provinces/sichuan/2026-admission-plans/physics/wl_099.png,pending_review,2026 在川招生专业及名额官方图片页，非结构化表格，未导入 admission_plans。
物理类,100,https://plan.sceea.cn/img/wl/tu/wl%20(100).png,data/raw/provinces/sichuan/2026-admission-plans/physics/wl_100.png,pending_review,2026 在川招生专业及名额官方图片页，非结构化表格，未导入 admission_plans。
物理类,101,https://plan.sceea.cn/img/wl/tu/wl%20(101).png,data/raw/provinces/sichuan/2026-admission-plans/physics/wl_101.png,pending_review,2026 在川招生专业及名额官方图片页，非结构化表格，未导入 admission_plans。
物理类,102,https://plan.sceea.cn/img/wl/tu/wl%20(102).png,data/raw/provinces/sichuan/2026-admission-plans/physics/wl_102.png,pending_review,2026 在川招生专业及名额官方图片页，非结构化表格，未导入 admission_plans。
物理类,103,https://plan.sceea.cn/img/wl/tu/wl%20(103).png,data/raw/provinces/sichuan/2026-admission-plans/physics/wl_103.png,pending_review,2026 在川招生专业及名额官方图片页，非结构化表格，未导入 admission_plans。
物理类,104,https://plan.sceea.cn/img/wl/tu/wl%20(104).png,data/raw/provinces/sichuan/2026-admission-plans/physics/wl_104.png,pending_review,2026 在川招生专业及名额官方图片页，非结构化表格，未导入 admission_plans。
物理类,105,https://plan.sceea.cn/img/wl/tu/wl%20(105).png,data/raw/provinces/sichuan/2026-admission-plans/physics/wl_105.png,pending_review,2026 在川招生专业及名额官方图片页，非结构化表格，未导入 admission_plans。
物理类,106,https://plan.sceea.cn/img/wl/tu/wl%20(106).png,data/raw/provinces/sichuan/2026-admission-plans/physics/wl_106.png,pending_review,2026 在川招生专业及名额官方图片页，非结构化表格，未导入 admission_plans。
物理类,107,https://plan.sceea.cn/img/wl/tu/wl%20(107).png,data/raw/provinces/sichuan/2026-admission-plans/physics/wl_107.png,pending_review,2026 在川招生专业及名额官方图片页，非结构化表格，未导入 admission_plans。
物理类,108,https://plan.sceea.cn/img/wl/tu/wl%20(108).png,data/raw/provinces/sichuan/2026-admission-plans/physics/wl_108.png,pending_review,2026 在川招生专业及名额官方图片页，非结构化表格，未导入 admission_plans。
物理类,109,https://plan.sceea.cn/img/wl/tu/wl%20(109).png,data/raw/provinces/sichuan/2026-admission-plans/physics/wl_109.png,pending_review,2026 在川招生专业及名额官方图片页，非结构化表格，未导入 admission_plans。
物理类,110,https://plan.sceea.cn/img/wl/tu/wl%20(110).png,data/raw/provinces/sichuan/2026-admission-plans/physics/wl_110.png,pending_review,2026 在川招生专业及名额官方图片页，非结构化表格，未导入 admission_plans。
物理类,111,https://plan.sceea.cn/img/wl/tu/wl%20(111).png,data/raw/provinces/sichuan/2026-admission-plans/physics/wl_111.png,pending_review,2026 在川招生专业及名额官方图片页，非结构化表格，未导入 admission_plans。
物理类,112,https://plan.sceea.cn/img/wl/tu/wl%20(112).png,data/raw/provinces/sichuan/2026-admission-plans/physics/wl_112.png,pending_review,2026 在川招生专业及名额官方图片页，非结构化表格，未导入 admission_plans。
物理类,113,https://plan.sceea.cn/img/wl/tu/wl%20(113).png,data/raw/provinces/sichuan/2026-admission-plans/physics/wl_113.png,pending_review,2026 在川招生专业及名额官方图片页，非结构化表格，未导入 admission_plans。
物理类,114,https://plan.sceea.cn/img/wl/tu/wl%20(114).png,data/raw/provinces/sichuan/2026-admission-plans/physics/wl_114.png,pending_review,2026 在川招生专业及名额官方图片页，非结构化表格，未导入 admission_plans。
物理类,115,https://plan.sceea.cn/img/wl/tu/wl%20(115).png,data/raw/provinces/sichuan/2026-admission-plans/physics/wl_115.png,pending_review,2026 在川招生专业及名额官方图片页，非结构化表格，未导入 admission_plans。
物理类,116,https://plan.sceea.cn/img/wl/tu/wl%20(116).png,data/raw/provinces/sichuan/2026-admission-plans/physics/wl_116.png,pending_review,2026 在川招生专业及名额官方图片页，非结构化表格，未导入 admission_plans。
物理类,117,https://plan.sceea.cn/img/wl/tu/wl%20(117).png,data/raw/provinces/sichuan/2026-admission-plans/physics/wl_117.png,pending_review,2026 在川招生专业及名额官方图片页，非结构化表格，未导入 admission_plans。
物理类,118,https://plan.sceea.cn/img/wl/tu/wl%20(118).png,data/raw/provinces/sichuan/2026-admission-plans/physics/wl_118.png,pending_review,2026 在川招生专业及名额官方图片页，非结构化表格，未导入 admission_plans。
物理类,119,https://plan.sceea.cn/img/wl/tu/wl%20(119).png,data/raw/provinces/sichuan/2026-admission-plans/physics/wl_119.png,pending_review,2026 在川招生专业及名额官方图片页，非结构化表格，未导入 admission_plans。
物理类,120,https://plan.sceea.cn/img/wl/tu/wl%20(120).png,data/raw/provinces/sichuan/2026-admission-plans/physics/wl_120.png,pending_review,2026 在川招生专业及名额官方图片页，非结构化表格，未导入 admission_plans。
物理类,121,https://plan.sceea.cn/img/wl/tu/wl%20(121).png,data/raw/provinces/sichuan/2026-admission-plans/physics/wl_121.png,pending_review,2026 在川招生专业及名额官方图片页，非结构化表格，未导入 admission_plans。
物理类,122,https://plan.sceea.cn/img/wl/tu/wl%20(122).png,data/raw/provinces/sichuan/2026-admission-plans/physics/wl_122.png,pending_review,2026 在川招生专业及名额官方图片页，非结构化表格，未导入 admission_plans。
物理类,123,https://plan.sceea.cn/img/wl/tu/wl%20(123).png,data/raw/provinces/sichuan/2026-admission-plans/physics/wl_123.png,pending_review,2026 在川招生专业及名额官方图片页，非结构化表格，未导入 admission_plans。
物理类,124,https://plan.sceea.cn/img/wl/tu/wl%20(124).png,data/raw/provinces/sichuan/2026-admission-plans/physics/wl_124.png,pending_review,2026 在川招生专业及名额官方图片页，非结构化表格，未导入 admission_plans。
物理类,125,https://plan.sceea.cn/img/wl/tu/wl%20(125).png,data/raw/provinces/sichuan/2026-admission-plans/physics/wl_125.png,pending_review,2026 在川招生专业及名额官方图片页，非结构化表格，未导入 admission_plans。
物理类,126,https://plan.sceea.cn/img/wl/tu/wl%20(126).png,data/raw/provinces/sichuan/2026-admission-plans/physics/wl_126.png,pending_review,2026 在川招生专业及名额官方图片页，非结构化表格，未导入 admission_plans。
物理类,127,https://plan.sceea.cn/img/wl/tu/wl%20(127).png,data/raw/provinces/sichuan/2026-admission-plans/physics/wl_127.png,pending_review,2026 在川招生专业及名额官方图片页，非结构化表格，未导入 admission_plans。
物理类,128,https://plan.sceea.cn/img/wl/tu/wl%20(128).png,data/raw/provinces/sichuan/2026-admission-plans/physics/wl_128.png,pending_review,2026 在川招生专业及名额官方图片页，非结构化表格，未导入 admission_plans。
物理类,129,https://plan.sceea.cn/img/wl/tu/wl%20(129).png,data/raw/provinces/sichuan/2026-admission-plans/physics/wl_129.png,pending_review,2026 在川招生专业及名额官方图片页，非结构化表格，未导入 admission_plans。
物理类,130,https://plan.sceea.cn/img/wl/tu/wl%20(130).png,data/raw/provinces/sichuan/2026-admission-plans/physics/wl_130.png,pending_review,2026 在川招生专业及名额官方图片页，非结构化表格，未导入 admission_plans。
物理类,131,https://plan.sceea.cn/img/wl/tu/wl%20(131).png,data/raw/provinces/sichuan/2026-admission-plans/physics/wl_131.png,pending_review,2026 在川招生专业及名额官方图片页，非结构化表格，未导入 admission_plans。
物理类,132,https://plan.sceea.cn/img/wl/tu/wl%20(132).png,data/raw/provinces/sichuan/2026-admission-plans/physics/wl_132.png,pending_review,2026 在川招生专业及名额官方图片页，非结构化表格，未导入 admission_plans。
物理类,133,https://plan.sceea.cn/img/wl/tu/wl%20(133).png,data/raw/provinces/sichuan/2026-admission-plans/physics/wl_133.png,pending_review,2026 在川招生专业及名额官方图片页，非结构化表格，未导入 admission_plans。
物理类,134,https://plan.sceea.cn/img/wl/tu/wl%20(134).png,data/raw/provinces/sichuan/2026-admission-plans/physics/wl_134.png,pending_review,2026 在川招生专业及名额官方图片页，非结构化表格，未导入 admission_plans。
物理类,135,https://plan.sceea.cn/img/wl/tu/wl%20(135).png,data/raw/provinces/sichuan/2026-admission-plans/physics/wl_135.png,pending_review,2026 在川招生专业及名额官方图片页，非结构化表格，未导入 admission_plans。
物理类,136,https://plan.sceea.cn/img/wl/tu/wl%20(136).png,data/raw/provinces/sichuan/2026-admission-plans/physics/wl_136.png,pending_review,2026 在川招生专业及名额官方图片页，非结构化表格，未导入 admission_plans。
物理类,137,https://plan.sceea.cn/img/wl/tu/wl%20(137).png,data/raw/provinces/sichuan/2026-admission-plans/physics/wl_137.png,pending_review,2026 在川招生专业及名额官方图片页，非结构化表格，未导入 admission_plans。
物理类,138,https://plan.sceea.cn/img/wl/tu/wl%20(138).png,data/raw/provinces/sichuan/2026-admission-plans/physics/wl_138.png,pending_review,2026 在川招生专业及名额官方图片页，非结构化表格，未导入 admission_plans。
物理类,139,https://plan.sceea.cn/img/wl/tu/wl%20(139).png,data/raw/provinces/sichuan/2026-admission-plans/physics/wl_139.png,pending_review,2026 在川招生专业及名额官方图片页，非结构化表格，未导入 admission_plans。
物理类,140,https://plan.sceea.cn/img/wl/tu/wl%20(140).png,data/raw/provinces/sichuan/2026-admission-plans/physics/wl_140.png,pending_review,2026 在川招生专业及名额官方图片页，非结构化表格，未导入 admission_plans。
物理类,141,https://plan.sceea.cn/img/wl/tu/wl%20(141).png,data/raw/provinces/sichuan/2026-admission-plans/physics/wl_141.png,pending_review,2026 在川招生专业及名额官方图片页，非结构化表格，未导入 admission_plans。
物理类,142,https://plan.sceea.cn/img/wl/tu/wl%20(142).png,data/raw/provinces/sichuan/2026-admission-plans/physics/wl_142.png,pending_review,2026 在川招生专业及名额官方图片页，非结构化表格，未导入 admission_plans。
物理类,143,https://plan.sceea.cn/img/wl/tu/wl%20(143).png,data/raw/provinces/sichuan/2026-admission-plans/physics/wl_143.png,pending_review,2026 在川招生专业及名额官方图片页，非结构化表格，未导入 admission_plans。
物理类,144,https://plan.sceea.cn/img/wl/tu/wl%20(144).png,data/raw/provinces/sichuan/2026-admission-plans/physics/wl_144.png,pending_review,2026 在川招生专业及名额官方图片页，非结构化表格，未导入 admission_plans。
物理类,145,https://plan.sceea.cn/img/wl/tu/wl%20(145).png,data/raw/provinces/sichuan/2026-admission-plans/physics/wl_145.png,pending_review,2026 在川招生专业及名额官方图片页，非结构化表格，未导入 admission_plans。
物理类,146,https://plan.sceea.cn/img/wl/tu/wl%20(146).png,data/raw/provinces/sichuan/2026-admission-plans/physics/wl_146.png,pending_review,2026 在川招生专业及名额官方图片页，非结构化表格，未导入 admission_plans。
物理类,147,https://plan.sceea.cn/img/wl/tu/wl%20(147).png,data/raw/provinces/sichuan/2026-admission-plans/physics/wl_147.png,pending_review,2026 在川招生专业及名额官方图片页，非结构化表格，未导入 admission_plans。
物理类,148,https://plan.sceea.cn/img/wl/tu/wl%20(148).png,data/raw/provinces/sichuan/2026-admission-plans/physics/wl_148.png,pending_review,2026 在川招生专业及名额官方图片页，非结构化表格，未导入 admission_plans。
物理类,149,https://plan.sceea.cn/img/wl/tu/wl%20(149).png,data/raw/provinces/sichuan/2026-admission-plans/physics/wl_149.png,pending_review,2026 在川招生专业及名额官方图片页，非结构化表格，未导入 admission_plans。
物理类,150,https://plan.sceea.cn/img/wl/tu/wl%20(150).png,data/raw/provinces/sichuan/2026-admission-plans/physics/wl_150.png,pending_review,2026 在川招生专业及名额官方图片页，非结构化表格，未导入 admission_plans。
物理类,151,https://plan.sceea.cn/img/wl/tu/wl%20(151).png,data/raw/provinces/sichuan/2026-admission-plans/physics/wl_151.png,pending_review,2026 在川招生专业及名额官方图片页，非结构化表格，未导入 admission_plans。
物理类,152,https://plan.sceea.cn/img/wl/tu/wl%20(152).png,data/raw/provinces/sichuan/2026-admission-plans/physics/wl_152.png,pending_review,2026 在川招生专业及名额官方图片页，非结构化表格，未导入 admission_plans。
物理类,153,https://plan.sceea.cn/img/wl/tu/wl%20(153).png,data/raw/provinces/sichuan/2026-admission-plans/physics/wl_153.png,pending_review,2026 在川招生专业及名额官方图片页，非结构化表格，未导入 admission_plans。
物理类,154,https://plan.sceea.cn/img/wl/tu/wl%20(154).png,data/raw/provinces/sichuan/2026-admission-plans/physics/wl_154.png,pending_review,2026 在川招生专业及名额官方图片页，非结构化表格，未导入 admission_plans。
物理类,155,https://plan.sceea.cn/img/wl/tu/wl%20(155).png,data/raw/provinces/sichuan/2026-admission-plans/physics/wl_155.png,pending_review,2026 在川招生专业及名额官方图片页，非结构化表格，未导入 admission_plans。
物理类,156,https://plan.sceea.cn/img/wl/tu/wl%20(156).png,data/raw/provinces/sichuan/2026-admission-plans/physics/wl_156.png,pending_review,2026 在川招生专业及名额官方图片页，非结构化表格，未导入 admission_plans。
物理类,157,https://plan.sceea.cn/img/wl/tu/wl%20(157).png,data/raw/provinces/sichuan/2026-admission-plans/physics/wl_157.png,pending_review,2026 在川招生专业及名额官方图片页，非结构化表格，未导入 admission_plans。
物理类,158,https://plan.sceea.cn/img/wl/tu/wl%20(158).png,data/raw/provinces/sichuan/2026-admission-plans/physics/wl_158.png,pending_review,2026 在川招生专业及名额官方图片页，非结构化表格，未导入 admission_plans。
物理类,159,https://plan.sceea.cn/img/wl/tu/wl%20(159).png,data/raw/provinces/sichuan/2026-admission-plans/physics/wl_159.png,pending_review,2026 在川招生专业及名额官方图片页，非结构化表格，未导入 admission_plans。
物理类,160,https://plan.sceea.cn/img/wl/tu/wl%20(160).png,data/raw/provinces/sichuan/2026-admission-plans/physics/wl_160.png,pending_review,2026 在川招生专业及名额官方图片页，非结构化表格，未导入 admission_plans。
物理类,161,https://plan.sceea.cn/img/wl/tu/wl%20(161).png,data/raw/provinces/sichuan/2026-admission-plans/physics/wl_161.png,pending_review,2026 在川招生专业及名额官方图片页，非结构化表格，未导入 admission_plans。
物理类,162,https://plan.sceea.cn/img/wl/tu/wl%20(162).png,data/raw/provinces/sichuan/2026-admission-plans/physics/wl_162.png,pending_review,2026 在川招生专业及名额官方图片页，非结构化表格，未导入 admission_plans。
物理类,163,https://plan.sceea.cn/img/wl/tu/wl%20(163).png,data/raw/provinces/sichuan/2026-admission-plans/physics/wl_163.png,pending_review,2026 在川招生专业及名额官方图片页，非结构化表格，未导入 admission_plans。
物理类,164,https://plan.sceea.cn/img/wl/tu/wl%20(164).png,data/raw/provinces/sichuan/2026-admission-plans/physics/wl_164.png,pending_review,2026 在川招生专业及名额官方图片页，非结构化表格，未导入 admission_plans。
物理类,165,https://plan.sceea.cn/img/wl/tu/wl%20(165).png,data/raw/provinces/sichuan/2026-admission-plans/physics/wl_165.png,pending_review,2026 在川招生专业及名额官方图片页，非结构化表格，未导入 admission_plans。
物理类,166,https://plan.sceea.cn/img/wl/tu/wl%20(166).png,data/raw/provinces/sichuan/2026-admission-plans/physics/wl_166.png,pending_review,2026 在川招生专业及名额官方图片页，非结构化表格，未导入 admission_plans。
物理类,167,https://plan.sceea.cn/img/wl/tu/wl%20(167).png,data/raw/provinces/sichuan/2026-admission-plans/physics/wl_167.png,pending_review,2026 在川招生专业及名额官方图片页，非结构化表格，未导入 admission_plans。
物理类,168,https://plan.sceea.cn/img/wl/tu/wl%20(168).png,data/raw/provinces/sichuan/2026-admission-plans/physics/wl_168.png,pending_review,2026 在川招生专业及名额官方图片页，非结构化表格，未导入 admission_plans。
物理类,169,https://plan.sceea.cn/img/wl/tu/wl%20(169).png,data/raw/provinces/sichuan/2026-admission-plans/physics/wl_169.png,pending_review,2026 在川招生专业及名额官方图片页，非结构化表格，未导入 admission_plans。
物理类,170,https://plan.sceea.cn/img/wl/tu/wl%20(170).png,data/raw/provinces/sichuan/2026-admission-plans/physics/wl_170.png,pending_review,2026 在川招生专业及名额官方图片页，非结构化表格，未导入 admission_plans。
物理类,171,https://plan.sceea.cn/img/wl/tu/wl%20(171).png,data/raw/provinces/sichuan/2026-admission-plans/physics/wl_171.png,pending_review,2026 在川招生专业及名额官方图片页，非结构化表格，未导入 admission_plans。
物理类,172,https://plan.sceea.cn/img/wl/tu/wl%20(172).png,data/raw/provinces/sichuan/2026-admission-plans/physics/wl_172.png,pending_review,2026 在川招生专业及名额官方图片页，非结构化表格，未导入 admission_plans。
物理类,173,https://plan.sceea.cn/img/wl/tu/wl%20(173).png,data/raw/provinces/sichuan/2026-admission-plans/physics/wl_173.png,pending_review,2026 在川招生专业及名额官方图片页，非结构化表格，未导入 admission_plans。
物理类,174,https://plan.sceea.cn/img/wl/tu/wl%20(174).png,data/raw/provinces/sichuan/2026-admission-plans/physics/wl_174.png,pending_review,2026 在川招生专业及名额官方图片页，非结构化表格，未导入 admission_plans。
物理类,175,https://plan.sceea.cn/img/wl/tu/wl%20(175).png,data/raw/provinces/sichuan/2026-admission-plans/physics/wl_175.png,pending_review,2026 在川招生专业及名额官方图片页，非结构化表格，未导入 admission_plans。
物理类,176,https://plan.sceea.cn/img/wl/tu/wl%20(176).png,data/raw/provinces/sichuan/2026-admission-plans/physics/wl_176.png,pending_review,2026 在川招生专业及名额官方图片页，非结构化表格，未导入 admission_plans。
物理类,177,https://plan.sceea.cn/img/wl/tu/wl%20(177).png,data/raw/provinces/sichuan/2026-admission-plans/physics/wl_177.png,pending_review,2026 在川招生专业及名额官方图片页，非结构化表格，未导入 admission_plans。
物理类,178,https://plan.sceea.cn/img/wl/tu/wl%20(178).png,data/raw/provinces/sichuan/2026-admission-plans/physics/wl_178.png,pending_review,2026 在川招生专业及名额官方图片页，非结构化表格，未导入 admission_plans。
物理类,179,https://plan.sceea.cn/img/wl/tu/wl%20(179).png,data/raw/provinces/sichuan/2026-admission-plans/physics/wl_179.png,pending_review,2026 在川招生专业及名额官方图片页，非结构化表格，未导入 admission_plans。
物理类,180,https://plan.sceea.cn/img/wl/tu/wl%20(180).png,data/raw/provinces/sichuan/2026-admission-plans/physics/wl_180.png,pending_review,2026 在川招生专业及名额官方图片页，非结构化表格，未导入 admission_plans。
物理类,181,https://plan.sceea.cn/img/wl/tu/wl%20(181).png,data/raw/provinces/sichuan/2026-admission-plans/physics/wl_181.png,pending_review,2026 在川招生专业及名额官方图片页，非结构化表格，未导入 admission_plans。
物理类,182,https://plan.sceea.cn/img/wl/tu/wl%20(182).png,data/raw/provinces/sichuan/2026-admission-plans/physics/wl_182.png,pending_review,2026 在川招生专业及名额官方图片页，非结构化表格，未导入 admission_plans。
物理类,183,https://plan.sceea.cn/img/wl/tu/wl%20(183).png,data/raw/provinces/sichuan/2026-admission-plans/physics/wl_183.png,pending_review,2026 在川招生专业及名额官方图片页，非结构化表格，未导入 admission_plans。
物理类,184,https://plan.sceea.cn/img/wl/tu/wl%20(184).png,data/raw/provinces/sichuan/2026-admission-plans/physics/wl_184.png,pending_review,2026 在川招生专业及名额官方图片页，非结构化表格，未导入 admission_plans。
物理类,185,https://plan.sceea.cn/img/wl/tu/wl%20(185).png,data/raw/provinces/sichuan/2026-admission-plans/physics/wl_185.png,pending_review,2026 在川招生专业及名额官方图片页，非结构化表格，未导入 admission_plans。
物理类,186,https://plan.sceea.cn/img/wl/tu/wl%20(186).png,data/raw/provinces/sichuan/2026-admission-plans/physics/wl_186.png,pending_review,2026 在川招生专业及名额官方图片页，非结构化表格，未导入 admission_plans。
物理类,187,https://plan.sceea.cn/img/wl/tu/wl%20(187).png,data/raw/provinces/sichuan/2026-admission-plans/physics/wl_187.png,pending_review,2026 在川招生专业及名额官方图片页，非结构化表格，未导入 admission_plans。
物理类,188,https://plan.sceea.cn/img/wl/tu/wl%20(188).png,data/raw/provinces/sichuan/2026-admission-plans/physics/wl_188.png,pending_review,2026 在川招生专业及名额官方图片页，非结构化表格，未导入 admission_plans。
物理类,189,https://plan.sceea.cn/img/wl/tu/wl%20(189).png,data/raw/provinces/sichuan/2026-admission-plans/physics/wl_189.png,pending_review,2026 在川招生专业及名额官方图片页，非结构化表格，未导入 admission_plans。
物理类,190,https://plan.sceea.cn/img/wl/tu/wl%20(190).png,data/raw/provinces/sichuan/2026-admission-plans/physics/wl_190.png,pending_review,2026 在川招生专业及名额官方图片页，非结构化表格，未导入 admission_plans。
物理类,191,https://plan.sceea.cn/img/wl/tu/wl%20(191).png,data/raw/provinces/sichuan/2026-admission-plans/physics/wl_191.png,pending_review,2026 在川招生专业及名额官方图片页，非结构化表格，未导入 admission_plans。
物理类,192,https://plan.sceea.cn/img/wl/tu/wl%20(192).png,data/raw/provinces/sichuan/2026-admission-plans/physics/wl_192.png,pending_review,2026 在川招生专业及名额官方图片页，非结构化表格，未导入 admission_plans。
物理类,193,https://plan.sceea.cn/img/wl/tu/wl%20(193).png,data/raw/provinces/sichuan/2026-admission-plans/physics/wl_193.png,pending_review,2026 在川招生专业及名额官方图片页，非结构化表格，未导入 admission_plans。
物理类,194,https://plan.sceea.cn/img/wl/tu/wl%20(194).png,data/raw/provinces/sichuan/2026-admission-plans/physics/wl_194.png,pending_review,2026 在川招生专业及名额官方图片页，非结构化表格，未导入 admission_plans。
物理类,195,https://plan.sceea.cn/img/wl/tu/wl%20(195).png,data/raw/provinces/sichuan/2026-admission-plans/physics/wl_195.png,pending_review,2026 在川招生专业及名额官方图片页，非结构化表格，未导入 admission_plans。
物理类,196,https://plan.sceea.cn/img/wl/tu/wl%20(196).png,data/raw/provinces/sichuan/2026-admission-plans/physics/wl_196.png,pending_review,2026 在川招生专业及名额官方图片页，非结构化表格，未导入 admission_plans。
物理类,197,https://plan.sceea.cn/img/wl/tu/wl%20(197).png,data/raw/provinces/sichuan/2026-admission-plans/physics/wl_197.png,pending_review,2026 在川招生专业及名额官方图片页，非结构化表格，未导入 admission_plans。
物理类,198,https://plan.sceea.cn/img/wl/tu/wl%20(198).png,data/raw/provinces/sichuan/2026-admission-plans/physics/wl_198.png,pending_review,2026 在川招生专业及名额官方图片页，非结构化表格，未导入 admission_plans。
物理类,199,https://plan.sceea.cn/img/wl/tu/wl%20(199).png,data/raw/provinces/sichuan/2026-admission-plans/physics/wl_199.png,pending_review,2026 在川招生专业及名额官方图片页，非结构化表格，未导入 admission_plans。
物理类,200,https://plan.sceea.cn/img/wl/tu/wl%20(200).png,data/raw/provinces/sichuan/2026-admission-plans/physics/wl_200.png,pending_review,2026 在川招生专业及名额官方图片页，非结构化表格，未导入 admission_plans。
物理类,201,https://plan.sceea.cn/img/wl/tu/wl%20(201).png,data/raw/provinces/sichuan/2026-admission-plans/physics/wl_201.png,pending_review,2026 在川招生专业及名额官方图片页，非结构化表格，未导入 admission_plans。
物理类,202,https://plan.sceea.cn/img/wl/tu/wl%20(202).png,data/raw/provinces/sichuan/2026-admission-plans/physics/wl_202.png,pending_review,2026 在川招生专业及名额官方图片页，非结构化表格，未导入 admission_plans。
物理类,203,https://plan.sceea.cn/img/wl/tu/wl%20(203).png,data/raw/provinces/sichuan/2026-admission-plans/physics/wl_203.png,pending_review,2026 在川招生专业及名额官方图片页，非结构化表格，未导入 admission_plans。
物理类,204,https://plan.sceea.cn/img/wl/tu/wl%20(204).png,data/raw/provinces/sichuan/2026-admission-plans/physics/wl_204.png,pending_review,2026 在川招生专业及名额官方图片页，非结构化表格，未导入 admission_plans。
物理类,205,https://plan.sceea.cn/img/wl/tu/wl%20(205).png,data/raw/provinces/sichuan/2026-admission-plans/physics/wl_205.png,pending_review,2026 在川招生专业及名额官方图片页，非结构化表格，未导入 admission_plans。
物理类,206,https://plan.sceea.cn/img/wl/tu/wl%20(206).png,data/raw/provinces/sichuan/2026-admission-plans/physics/wl_206.png,pending_review,2026 在川招生专业及名额官方图片页，非结构化表格，未导入 admission_plans。
物理类,207,https://plan.sceea.cn/img/wl/tu/wl%20(207).png,data/raw/provinces/sichuan/2026-admission-plans/physics/wl_207.png,pending_review,2026 在川招生专业及名额官方图片页，非结构化表格，未导入 admission_plans。
物理类,208,https://plan.sceea.cn/img/wl/tu/wl%20(208).png,data/raw/provinces/sichuan/2026-admission-plans/physics/wl_208.png,pending_review,2026 在川招生专业及名额官方图片页，非结构化表格，未导入 admission_plans。
物理类,209,https://plan.sceea.cn/img/wl/tu/wl%20(209).png,data/raw/provinces/sichuan/2026-admission-plans/physics/wl_209.png,pending_review,2026 在川招生专业及名额官方图片页，非结构化表格，未导入 admission_plans。
物理类,210,https://plan.sceea.cn/img/wl/tu/wl%20(210).png,data/raw/provinces/sichuan/2026-admission-plans/physics/wl_210.png,pending_review,2026 在川招生专业及名额官方图片页，非结构化表格，未导入 admission_plans。
物理类,211,https://plan.sceea.cn/img/wl/tu/wl%20(211).png,data/raw/provinces/sichuan/2026-admission-plans/physics/wl_211.png,pending_review,2026 在川招生专业及名额官方图片页，非结构化表格，未导入 admission_plans。
物理类,212,https://plan.sceea.cn/img/wl/tu/wl%20(212).png,data/raw/provinces/sichuan/2026-admission-plans/physics/wl_212.png,pending_review,2026 在川招生专业及名额官方图片页，非结构化表格，未导入 admission_plans。
物理类,213,https://plan.sceea.cn/img/wl/tu/wl%20(213).png,data/raw/provinces/sichuan/2026-admission-plans/physics/wl_213.png,pending_review,2026 在川招生专业及名额官方图片页，非结构化表格，未导入 admission_plans。
物理类,214,https://plan.sceea.cn/img/wl/tu/wl%20(214).png,data/raw/provinces/sichuan/2026-admission-plans/physics/wl_214.png,pending_review,2026 在川招生专业及名额官方图片页，非结构化表格，未导入 admission_plans。
物理类,215,https://plan.sceea.cn/img/wl/tu/wl%20(215).png,data/raw/provinces/sichuan/2026-admission-plans/physics/wl_215.png,pending_review,2026 在川招生专业及名额官方图片页，非结构化表格，未导入 admission_plans。
物理类,216,https://plan.sceea.cn/img/wl/tu/wl%20(216).png,data/raw/provinces/sichuan/2026-admission-plans/physics/wl_216.png,pending_review,2026 在川招生专业及名额官方图片页，非结构化表格，未导入 admission_plans。
物理类,217,https://plan.sceea.cn/img/wl/tu/wl%20(217).png,data/raw/provinces/sichuan/2026-admission-plans/physics/wl_217.png,pending_review,2026 在川招生专业及名额官方图片页，非结构化表格，未导入 admission_plans。
物理类,218,https://plan.sceea.cn/img/wl/tu/wl%20(218).png,data/raw/provinces/sichuan/2026-admission-plans/physics/wl_218.png,pending_review,2026 在川招生专业及名额官方图片页，非结构化表格，未导入 admission_plans。
物理类,219,https://plan.sceea.cn/img/wl/tu/wl%20(219).png,data/raw/provinces/sichuan/2026-admission-plans/physics/wl_219.png,pending_review,2026 在川招生专业及名额官方图片页，非结构化表格，未导入 admission_plans。
物理类,220,https://plan.sceea.cn/img/wl/tu/wl%20(220).png,data/raw/provinces/sichuan/2026-admission-plans/physics/wl_220.png,pending_review,2026 在川招生专业及名额官方图片页，非结构化表格，未导入 admission_plans。
物理类,221,https://plan.sceea.cn/img/wl/tu/wl%20(221).png,data/raw/provinces/sichuan/2026-admission-plans/physics/wl_221.png,pending_review,2026 在川招生专业及名额官方图片页，非结构化表格，未导入 admission_plans。
物理类,222,https://plan.sceea.cn/img/wl/tu/wl%20(222).png,data/raw/provinces/sichuan/2026-admission-plans/physics/wl_222.png,pending_review,2026 在川招生专业及名额官方图片页，非结构化表格，未导入 admission_plans。
物理类,223,https://plan.sceea.cn/img/wl/tu/wl%20(223).png,data/raw/provinces/sichuan/2026-admission-plans/physics/wl_223.png,pending_review,2026 在川招生专业及名额官方图片页，非结构化表格，未导入 admission_plans。
物理类,224,https://plan.sceea.cn/img/wl/tu/wl%20(224).png,data/raw/provinces/sichuan/2026-admission-plans/physics/wl_224.png,pending_review,2026 在川招生专业及名额官方图片页，非结构化表格，未导入 admission_plans。
物理类,225,https://plan.sceea.cn/img/wl/tu/wl%20(225).png,data/raw/provinces/sichuan/2026-admission-plans/physics/wl_225.png,pending_review,2026 在川招生专业及名额官方图片页，非结构化表格，未导入 admission_plans。
物理类,226,https://plan.sceea.cn/img/wl/tu/wl%20(226).png,data/raw/provinces/sichuan/2026-admission-plans/physics/wl_226.png,pending_review,2026 在川招生专业及名额官方图片页，非结构化表格，未导入 admission_plans。
物理类,227,https://plan.sceea.cn/img/wl/tu/wl%20(227).png,data/raw/provinces/sichuan/2026-admission-plans/physics/wl_227.png,pending_review,2026 在川招生专业及名额官方图片页，非结构化表格，未导入 admission_plans。
物理类,228,https://plan.sceea.cn/img/wl/tu/wl%20(228).png,data/raw/provinces/sichuan/2026-admission-plans/physics/wl_228.png,pending_review,2026 在川招生专业及名额官方图片页，非结构化表格，未导入 admission_plans。
物理类,229,https://plan.sceea.cn/img/wl/tu/wl%20(229).png,data/raw/provinces/sichuan/2026-admission-plans/physics/wl_229.png,pending_review,2026 在川招生专业及名额官方图片页，非结构化表格，未导入 admission_plans。
物理类,230,https://plan.sceea.cn/img/wl/tu/wl%20(230).png,data/raw/provinces/sichuan/2026-admission-plans/physics/wl_230.png,pending_review,2026 在川招生专业及名额官方图片页，非结构化表格，未导入 admission_plans。
物理类,231,https://plan.sceea.cn/img/wl/tu/wl%20(231).png,data/raw/provinces/sichuan/2026-admission-plans/physics/wl_231.png,pending_review,2026 在川招生专业及名额官方图片页，非结构化表格，未导入 admission_plans。
物理类,232,https://plan.sceea.cn/img/wl/tu/wl%20(232).png,data/raw/provinces/sichuan/2026-admission-plans/physics/wl_232.png,pending_review,2026 在川招生专业及名额官方图片页，非结构化表格，未导入 admission_plans。
物理类,233,https://plan.sceea.cn/img/wl/tu/wl%20(233).png,data/raw/provinces/sichuan/2026-admission-plans/physics/wl_233.png,pending_review,2026 在川招生专业及名额官方图片页，非结构化表格，未导入 admission_plans。
物理类,234,https://plan.sceea.cn/img/wl/tu/wl%20(234).png,data/raw/provinces/sichuan/2026-admission-plans/physics/wl_234.png,pending_review,2026 在川招生专业及名额官方图片页，非结构化表格，未导入 admission_plans。
物理类,235,https://plan.sceea.cn/img/wl/tu/wl%20(235).png,data/raw/provinces/sichuan/2026-admission-plans/physics/wl_235.png,pending_review,2026 在川招生专业及名额官方图片页，非结构化表格，未导入 admission_plans。
物理类,236,https://plan.sceea.cn/img/wl/tu/wl%20(236).png,data/raw/provinces/sichuan/2026-admission-plans/physics/wl_236.png,pending_review,2026 在川招生专业及名额官方图片页，非结构化表格，未导入 admission_plans。
物理类,237,https://plan.sceea.cn/img/wl/tu/wl%20(237).png,data/raw/provinces/sichuan/2026-admission-plans/physics/wl_237.png,pending_review,2026 在川招生专业及名额官方图片页，非结构化表格，未导入 admission_plans。
物理类,238,https://plan.sceea.cn/img/wl/tu/wl%20(238).png,data/raw/provinces/sichuan/2026-admission-plans/physics/wl_238.png,pending_review,2026 在川招生专业及名额官方图片页，非结构化表格，未导入 admission_plans。
物理类,239,https://plan.sceea.cn/img/wl/tu/wl%20(239).png,data/raw/provinces/sichuan/2026-admission-plans/physics/wl_239.png,pending_review,2026 在川招生专业及名额官方图片页，非结构化表格，未导入 admission_plans。
物理类,240,https://plan.sceea.cn/img/wl/tu/wl%20(240).png,data/raw/provinces/sichuan/2026-admission-plans/physics/wl_240.png,pending_review,2026 在川招生专业及名额官方图片页，非结构化表格，未导入 admission_plans。
物理类,241,https://plan.sceea.cn/img/wl/tu/wl%20(241).png,data/raw/provinces/sichuan/2026-admission-plans/physics/wl_241.png,pending_review,2026 在川招生专业及名额官方图片页，非结构化表格，未导入 admission_plans。
物理类,242,https://plan.sceea.cn/img/wl/tu/wl%20(242).png,data/raw/provinces/sichuan/2026-admission-plans/physics/wl_242.png,pending_review,2026 在川招生专业及名额官方图片页，非结构化表格，未导入 admission_plans。
物理类,243,https://plan.sceea.cn/img/wl/tu/wl%20(243).png,data/raw/provinces/sichuan/2026-admission-plans/physics/wl_243.png,pending_review,2026 在川招生专业及名额官方图片页，非结构化表格，未导入 admission_plans。
物理类,244,https://plan.sceea.cn/img/wl/tu/wl%20(244).png,data/raw/provinces/sichuan/2026-admission-plans/physics/wl_244.png,pending_review,2026 在川招生专业及名额官方图片页，非结构化表格，未导入 admission_plans。
物理类,245,https://plan.sceea.cn/img/wl/tu/wl%20(245).png,data/raw/provinces/sichuan/2026-admission-plans/physics/wl_245.png,pending_review,2026 在川招生专业及名额官方图片页，非结构化表格，未导入 admission_plans。
物理类,246,https://plan.sceea.cn/img/wl/tu/wl%20(246).png,data/raw/provinces/sichuan/2026-admission-plans/physics/wl_246.png,pending_review,2026 在川招生专业及名额官方图片页，非结构化表格，未导入 admission_plans。
物理类,247,https://plan.sceea.cn/img/wl/tu/wl%20(247).png,data/raw/provinces/sichuan/2026-admission-plans/physics/wl_247.png,pending_review,2026 在川招生专业及名额官方图片页，非结构化表格，未导入 admission_plans。
物理类,248,https://plan.sceea.cn/img/wl/tu/wl%20(248).png,data/raw/provinces/sichuan/2026-admission-plans/physics/wl_248.png,pending_review,2026 在川招生专业及名额官方图片页，非结构化表格，未导入 admission_plans。
